family,operation_identity,operation_name,method,path,version,hierarchy_ids,scopes,plan_state,lifecycle_class,official_url,observed_on,evidence_state
Portals,portals-get_all_portals,Get All Portals,GET,/api/v3/portals,v3,none,ZohoProjects.portals.READ,TBD,not-lifecycle,https://projects.zoho.com/api-docs#portals-get_all_portals,2026-09-01,verified
Portals,portals-get_portal_details,Get Portal Details,GET,/api/v3/portal/[PORTALID],v3,[PORTALID],ZohoProjects.portals.READ,TBD,not-lifecycle,https://projects.zoho.com/api-docs#portals-get_portal_details,2026-09-01,verified
Portals,portals-data_backup-schedule_data_backup,Schedule Data Backup,POST,/api/v3/portal/[PORTALID]/portal_export,v3,[PORTALID],"ZohoProjects.portals.READ, ZohoFiles.files.READ",TBD,not-lifecycle,https://projects.zoho.com/api-docs#portals-data_backup-schedule_data_backup,2026-09-01,verified
Portals,portals-data_backup-get_data_backup_status,Get Data Backup Status,GET,/api/v3/portal/[PORTALID]/portal_export/[PORTAL_EXPORTID]/status,v3,[PORTALID]; [PORTAL_EXPORTID],"ZohoProjects.portals.READ, ZohoFiles.files.READ",TBD,not-lifecycle,https://projects.zoho.com/api-docs#portals-data_backup-get_data_backup_status,2026-09-01,verified
Portals,portals-data_backup-get_data_backup_history,Get Data Backup History,GET,/api/v3/portal/[PORTALID]/portal_export/history,v3,[PORTALID],"ZohoProjects.portals.READ, ZohoFiles.files.READ",TBD,not-lifecycle,https://projects.zoho.com/api-docs#portals-data_backup-get_data_backup_history,2026-09-01,verified
Portals,portals-trash-get_trashed_records,Get Trashed Records,GET,/api/v3/portal/[PORTALID]/bin,v3,[PORTALID],ZohoProjects.portals.READ,TBD,trash,https://projects.zoho.com/api-docs#portals-trash-get_trashed_records,2026-09-01,verified
Portals,portals-trash-move_records_to_trash,Move Records to Trash,POST,/api/v3/portal/[PORTALID]/trash,v3,[PORTALID],ZohoProjects.portals.CREATE,TBD,trash,https://projects.zoho.com/api-docs#portals-trash-move_records_to_trash,2026-09-01,verified
Portals,portals-trash-delete_records,Delete Records,DELETE,/api/v3/portal/[PORTALID]/bin,v3,[PORTALID],ZohoProjects.portals.CREATE,TBD,trash,https://projects.zoho.com/api-docs#portals-trash-delete_records,2026-09-01,verified
Portals,portals-trash-restore_records_from_trash,Restore Records from Trash,POST,/api/v3/portal/[PORTALID]/bin/restore,v3,[PORTALID],ZohoProjects.portals.CREATE,TBD,restore,https://projects.zoho.com/api-docs#portals-trash-restore_records_from_trash,2026-09-01,verified
Portals,portals-trash-empty_recyle_bin,Empty Recyle Bin,DELETE,/api/v3/portal/[PORTALID]/empty-bin,v3,[PORTALID],ZohoProjects.portals.CREATE,TBD,trash,https://projects.zoho.com/api-docs#portals-trash-empty_recyle_bin,2026-09-01,verified
Module Meta,module_meta-get_field_info,Get Field Info,GET,/api/v3/portal/[PORTALID]/module/[MODULEID]/fields,v3,[PORTALID]; [MODULEID],ZohoProjects.custom_fields.READ,TBD,not-lifecycle,https://projects.zoho.com/api-docs#module_meta-get_field_info,2026-09-01,verified
Module Meta,module_meta-modules-get_modules,Get Modules,GET,/api/v3/portal/[PORTALID]/settings/modules,v3,[PORTALID],ZohoProjects.custom_fields.READ,TBD,not-lifecycle,https://projects.zoho.com/api-docs#module_meta-modules-get_modules,2026-09-01,verified
Module Meta,module_meta-modules-get_module,Get Module,GET,/api/v3/portal/[PORTALID]/settings/modules/[MODULEID],v3,[PORTALID]; [MODULEID],ZohoProjects.custom_fields.READ,TBD,not-lifecycle,https://projects.zoho.com/api-docs#module_meta-modules-get_module,2026-09-01,verified
Module Meta,module_meta-modules-create_module,Create Module,POST,/api/v3/portal/[PORTALID]/settings/modules,v3,[PORTALID],ZohoProjects.custom_fields.CREATE,TBD,not-lifecycle,https://projects.zoho.com/api-docs#module_meta-modules-create_module,2026-09-01,verified
Module Meta,module_meta-modules-update_module,Update Module,PATCH,/api/v3/portal/[PORTALID]/settings/modules/[MODULEID],v3,[PORTALID]; [MODULEID],ZohoProjects.custom_fields.UPDATE,TBD,not-lifecycle,https://projects.zoho.com/api-docs#module_meta-modules-update_module,2026-09-01,verified
Module Meta,module_meta-modules-update_status,Update Status,PATCH,/api/v3/portal/[PORTALID]/settings/modules/[MODULEID]/(activate|deactivate),v3,[PORTALID]; [MODULEID],ZohoProjects.custom_fields.UPDATE,TBD,activate-or-deactivate,https://projects.zoho.com/api-docs#module_meta-modules-update_status,2026-09-01,verified
Module Meta,module_meta-modules-trash_module,Trash Module,DELETE,/api/v3/portal/[PORTALID]/settings/modules/[MODULEID],v3,[PORTALID]; [MODULEID],ZohoProjects.custom_fields.READ,TBD,trash,https://projects.zoho.com/api-docs#module_meta-modules-trash_module,2026-09-01,verified
Module Meta,module_meta-modules-delete_module,Delete Module,DELETE,/api/v3/portal/[PORTALID]/settings/modules/bin/[BINID],v3,[PORTALID]; [BINID],ZohoProjects.custom_fields.READ,TBD,not-lifecycle,https://projects.zoho.com/api-docs#module_meta-modules-delete_module,2026-09-01,verified
Module Meta,module_meta-modules-restore_module,Restore Module,POST,/api/v3/portal/[PORTALID]/settings/modules/bin/[BINID]/recover,v3,[PORTALID]; [BINID],ZohoProjects.custom_fields.READ,TBD,restore,https://projects.zoho.com/api-docs#module_meta-modules-restore_module,2026-09-01,verified
Module Meta,module_meta-modules-get_field_configuration,Get Field Configuration,GET,/api/v3/portal/[PORTALID]/settings/fields-configuration,v3,[PORTALID],ZohoProjects.custom_fields.READ,TBD,not-lifecycle,https://projects.zoho.com/api-docs#module_meta-modules-get_field_configuration,2026-09-01,verified
Module Meta,module_meta-modules-get_global_statuses,Get Global Statuses,GET,/api/v3/portal/[PORTALID]/settings/global-statuses,v3,[PORTALID],ZohoProjects.custom_fields.READ,TBD,not-lifecycle,https://projects.zoho.com/api-docs#module_meta-modules-get_global_statuses,2026-09-01,verified
Module Meta,module_meta-module_layouts-get_layouts,Get Layouts,GET,/api/v3/portal/[PORTALID]/settings/layouts,v3,[PORTALID],ZohoProjects.custom_fields.READ,TBD,not-lifecycle,https://projects.zoho.com/api-docs#module_meta-module_layouts-get_layouts,2026-09-01,verified
Module Meta,module_meta-module_layouts-get_default_layout,Get Default Layout,GET,/api/v3/portal/[PORTALID]/settings/layouts/default-layout,v3,[PORTALID],ZohoProjects.custom_fields.READ,TBD,default-selection,https://projects.zoho.com/api-docs#module_meta-module_layouts-get_default_layout,2026-09-01,verified
Module Meta,module_meta-module_layouts-get_layout_details,Get Layout Details,GET,/api/v3/portal/[PORTALID]/settings/layouts/[LAYOUTID],v3,[PORTALID]; [LAYOUTID],ZohoProjects.custom_fields.READ,TBD,not-lifecycle,https://projects.zoho.com/api-docs#module_meta-module_layouts-get_layout_details,2026-09-01,verified
Module Meta,module_meta-module_layouts-create_layout,Create Layout,POST,/api/v3/portal/[PORTALID]/settings/layouts,v3,[PORTALID],ZohoProjects.custom_fields.CREATE,TBD,not-lifecycle,https://projects.zoho.com/api-docs#module_meta-module_layouts-create_layout,2026-09-01,verified
Module Meta,module_meta-module_layouts-update_layout,Update Layout,PATCH,/api/v3/portal/[PORTALID]/settings/layouts/[LAYOUTID],v3,[PORTALID]; [LAYOUTID],ZohoProjects.custom_fields.UPDATE,TBD,not-lifecycle,https://projects.zoho.com/api-docs#module_meta-module_layouts-update_layout,2026-09-01,verified
Module Meta,module_meta-module_layouts-delete_layout,Delete Layout,DELETE,/api/v3/portal/[PORTALID]/settings/layouts/[LAYOUTID],v3,[PORTALID]; [LAYOUTID],ZohoProjects.custom_fields.DELETE,TBD,not-lifecycle,https://projects.zoho.com/api-docs#module_meta-module_layouts-delete_layout,2026-09-01,verified
Module Meta,module_meta-module_layouts-disassociate_field,Disassociate Field,DELETE,/api/v3/portal/[PORTALID]/settings/layouts/[LAYOUTID]/fields/[FIELDID],v3,[PORTALID]; [LAYOUTID]; [FIELDID],ZohoProjects.custom_fields.DELETE,TBD,disassociate,https://projects.zoho.com/api-docs#module_meta-module_layouts-disassociate_field,2026-09-01,verified
Module Meta,module_meta-module_layouts-get_associated_records,Get Associated Records,GET,/api/v3/portal/[PORTALID]/settings/layouts/[LAYOUTID]/associated-entities,v3,[PORTALID]; [LAYOUTID],ZohoProjects.custom_fields.READ,TBD,associate,https://projects.zoho.com/api-docs#module_meta-module_layouts-get_associated_records,2026-09-01,verified
Module Meta,module_meta-module_sections-create_or_update_section,Create or Update Section,PUT,/api/v3/portal/[PORTALID]/settings/layouts/[LAYOUTID]/sections,v3,[PORTALID]; [LAYOUTID],ZohoProjects.custom_fields.CREATE,TBD,not-lifecycle,https://projects.zoho.com/api-docs#module_meta-module_sections-create_or_update_section,2026-09-01,verified
Module Meta,module_meta-module_sections-delete_section,Delete Section,DELETE,/api/v3/portal/[PORTALID]/settings/layouts/[LAYOUTID]/sections/[SECTIONID],v3,[PORTALID]; [LAYOUTID]; [SECTIONID],ZohoProjects.custom_fields.DELETE,TBD,not-lifecycle,https://projects.zoho.com/api-docs#module_meta-module_sections-delete_section,2026-09-01,verified
Module Meta,module_meta-module_fields-get_field_info,Get Field Info,GET,/api/v3/portal/[PORTALID]/settings/fields,v3,[PORTALID],ZohoProjects.custom_fields.READ,TBD,not-lifecycle,https://projects.zoho.com/api-docs#module_meta-module_fields-get_field_info,2026-09-01,verified
Module Meta,module_meta-module_fields-create_or_update_field,Create or Update Field,PUT,/api/v3/portal/[PORTALID]/settings/fields,v3,[PORTALID],ZohoProjects.custom_fields.CREATE,TBD,not-lifecycle,https://projects.zoho.com/api-docs#module_meta-module_fields-create_or_update_field,2026-09-01,verified
Module Meta,module_meta-module_fields-delete_field,Delete Field,DELETE,/api/v3/portal/[PORTALID]/settings/fields/[FIELDID],v3,[PORTALID]; [FIELDID],ZohoProjects.custom_fields.DELETE,TBD,not-lifecycle,https://projects.zoho.com/api-docs#module_meta-module_fields-delete_field,2026-09-01,verified
Module Meta,module_meta-module_fields-get_associated_layouts,Get Associated Layouts,GET,/api/v3/portal/[PORTALID]/settings/fields/[FIELDID]/associated-layouts,v3,[PORTALID]; [FIELDID],ZohoProjects.custom_fields.READ,TBD,associate,https://projects.zoho.com/api-docs#module_meta-module_fields-get_associated_layouts,2026-09-01,verified
Module Meta,module_meta-module_options-get_field_options,Get Field Options,GET,/api/v3/portal/[PORTALID]/settings/options,v3,[PORTALID],ZohoProjects.custom_fields.READ,TBD,not-lifecycle,https://projects.zoho.com/api-docs#module_meta-module_options-get_field_options,2026-09-01,verified
Module Meta,module_meta-module_options-create_bulk_options,Create Bulk Options,POST,/api/v3/portal/[PORTALID]/settings/options,v3,[PORTALID],ZohoProjects.custom_fields.CREATE,TBD,not-lifecycle,https://projects.zoho.com/api-docs#module_meta-module_options-create_bulk_options,2026-09-01,verified
Module Meta,module_meta-module_options-delete_or_disassociate_field_options,Delete or Disassociate Field Options,DELETE,/api/v3/portal/[PORTALID]/settings/options,v3,[PORTALID],ZohoProjects.custom_fields.DELETE,TBD,disassociate,https://projects.zoho.com/api-docs#module_meta-module_options-delete_or_disassociate_field_options,2026-09-01,verified
Module Meta,module_meta-module_options-update_field_options,Update Field Options,PATCH,/api/v3/portal/[PORTALID]/settings/options,v3,[PORTALID],ZohoProjects.custom_fields.UPDATE,TBD,not-lifecycle,https://projects.zoho.com/api-docs#module_meta-module_options-update_field_options,2026-09-01,verified
Module Meta,module_meta-module_integration_field-get_services,Get Services,GET,/api/v3/portal/[PORTALID]/integration-field/service,v3,[PORTALID],ZohoProjects.custom_fields.READ,TBD,not-lifecycle,https://projects.zoho.com/api-docs#module_meta-module_integration_field-get_services,2026-09-01,verified
Module Meta,module_meta-module_integration_field-get_service_modules,Get Service Modules,GET,/api/v3/portal/[PORTALID]/integration-field/service/[SERVICEID]/modules,v3,[PORTALID]; [SERVICEID],ZohoProjects.custom_fields.READ,TBD,not-lifecycle,https://projects.zoho.com/api-docs#module_meta-module_integration_field-get_service_modules,2026-09-01,verified
Module Meta,module_meta-module_integration_field-get_module_s_fields,Get Module's Fields,GET,/api/v3/portal/[PORTALID]/integration-field/service/[SERVICEID]/module/[MODULEID]/fields,v3,[PORTALID]; [SERVICEID]; [MODULEID],ZohoProjects.custom_fields.READ,TBD,not-lifecycle,https://projects.zoho.com/api-docs#module_meta-module_integration_field-get_module_s_fields,2026-09-01,verified
Users,users-get_all_portal_users_client_users_and_contacts,"Get All Portal Users, Client Users, and Contacts",GET,/api/v3.1/portal/[PORTALID]/users,v3.1,[PORTALID],ZohoProjects.users.READ,TBD,not-lifecycle,https://projects.zoho.com/api-docs#users-get_all_portal_users_client_users_and_contacts,2026-09-01,verified
Users,users-get_users,Get Users,GET,/api/v3/portal/[PORTALID]/users,v3,[PORTALID],ZohoProjects.users.READ,TBD,not-lifecycle,https://projects.zoho.com/api-docs#users-get_users,2026-09-01,verified
Users,users-get_user_details,Get User Details,GET,/api/v3.1/portal/[PORTALID]/users/[ZPUID | EMAILID],v3.1,[PORTALID]; [ZPUID | EMAILID],ZohoProjects.users.READ,TBD,not-lifecycle,https://projects.zoho.com/api-docs#users-get_user_details,2026-09-01,contradictory
Users,users-get_user_details,Get User Details,GET,/api/v3/portal/[PORTALID]/users/[ZPUID | EMAILID],v3,[PORTALID]; [ZPUID | EMAILID],ZohoProjects.users.READ,TBD,not-lifecycle,https://projects.zoho.com/api-docs#users-get_user_details,2026-09-01,contradictory
Users,users-get_user_s_teams,Get User's Teams,GET,/api/v3/portal/[PORTALID]/users/[USERID]/teams,v3,[PORTALID]; [USERID],ZohoProjects.users.READ,TBD,not-lifecycle,https://projects.zoho.com/api-docs#users-get_user_s_teams,2026-09-01,verified
Users,users-get_associated_project_s,Get Associated Project(s),GET,/api/v3/portal/[PORTALID]/users/[USERID]/projects,v3,[PORTALID]; [USERID],ZohoProjects.users.READ,TBD,associate,https://projects.zoho.com/api-docs#users-get_associated_project_s,2026-09-01,verified
Users,users-get_user_license_details,Get User License Details,GET,/api/v3/portal/[PORTALID]/users/license-details,v3,[PORTALID],ZohoProjects.users.READ,TBD,not-lifecycle,https://projects.zoho.com/api-docs#users-get_user_license_details,2026-09-01,verified
Users,users-add_user,Add User,POST,/api/v3/portal/[PORTALID]/users,v3,[PORTALID],ZohoProjects.users.CREATE,TBD,not-lifecycle,https://projects.zoho.com/api-docs#users-add_user,2026-09-01,verified
Users,users-add_client_user,Add Client User,POST,/api/v3/portal/[PORTALID]/clientuser,v3,[PORTALID],ZohoProjects.users.CREATE,TBD,not-lifecycle,https://projects.zoho.com/api-docs#users-add_client_user,2026-09-01,verified
Users,users-update_user,Update User,PATCH,/api/v3.1/portal/[PORTALID]/users/[ZPUID | EMAILID],v3.1,[PORTALID]; [ZPUID | EMAILID],ZohoProjects.users.UPDATE,TBD,not-lifecycle,https://projects.zoho.com/api-docs#users-update_user,2026-09-01,contradictory
Users,users-update_users,Update Users,POST,/api/v3.1/portal/[PORTALID]/users,v3.1,[PORTALID],ZohoProjects.users.UPDATE,TBD,not-lifecycle,https://projects.zoho.com/api-docs#users-update_users,2026-09-01,verified
Users,users-update_user,Update User,POST,/api/v3/portal/[PORTALID]/users/[ZPUID | EMAILID],v3,[PORTALID]; [ZPUID | EMAILID],ZohoProjects.users.UPDATE,TBD,not-lifecycle,https://projects.zoho.com/api-docs#users-update_user,2026-09-01,contradictory
Users,users-activate_user,Activate User,POST,/api/v3/portal/[PORTALID]/users/[ZPUID | EMAILID]/activate,v3,[PORTALID]; [ZPUID | EMAILID],ZohoProjects.users.UPDATE,TBD,activate,https://projects.zoho.com/api-docs#users-activate_user,2026-09-01,verified
Users,users-deactivate_user,Deactivate User,POST,/api/v3/portal/[PORTALID]/users/[ZPUID | EMAILID]/deactivate,v3,[PORTALID]; [ZPUID | EMAILID],ZohoProjects.users.UPDATE,TBD,deactivate,https://projects.zoho.com/api-docs#users-deactivate_user,2026-09-01,verified
Users,users-activate_client_user,Activate Client User,POST,/api/v3/portal/[PORTALID]/client-users/[ZPUID | EMAILID]/activate,v3,[PORTALID]; [ZPUID | EMAILID],ZohoProjects.users.UPDATE,TBD,activate,https://projects.zoho.com/api-docs#users-activate_client_user,2026-09-01,verified
Users,users-deactivate_client_user,Deactivate Client User,POST,/api/v3/portal/[PORTALID]/client-users/[ZPUID | EMAILID]/deactivate,v3,[PORTALID]; [ZPUID | EMAILID],ZohoProjects.users.UPDATE,TBD,deactivate,https://projects.zoho.com/api-docs#users-deactivate_client_user,2026-09-01,verified
Users,users-delete_user,Delete User,DELETE,/api/v3/portal/[PORTALID]/users/[ZPUID | EMAILID],v3,[PORTALID]; [ZPUID | EMAILID],ZohoProjects.users.DELETE,TBD,not-lifecycle,https://projects.zoho.com/api-docs#users-delete_user,2026-09-01,verified
Users,users-get_user_audit_log,Get User Audit Log,GET,/api/v3/portal/[PORTALID]/users/[ZPUID | EMAILID]/audit-logs,v3,[PORTALID]; [ZPUID | EMAILID],ZohoProjects.users.READ,TBD,not-lifecycle,https://projects.zoho.com/api-docs#users-get_user_audit_log,2026-09-01,verified
Users,users-project_users-get_all_users,Get All Users,GET,/api/v3.1/portal/[PORTALID]/projects/[PROJECTID]/users,v3.1,[PORTALID]; [PROJECTID],ZohoProjects.users.READ,TBD,not-lifecycle,https://projects.zoho.com/api-docs#users-project_users-get_all_users,2026-09-01,verified
Users,users-project_users-get_project_users,Get Project Users,GET,/api/v3/portal/[PORTALID]/projects/[PROJECTID]/users,v3,[PORTALID]; [PROJECTID],ZohoProjects.users.READ,TBD,not-lifecycle,https://projects.zoho.com/api-docs#users-project_users-get_project_users,2026-09-01,verified
Users,users-project_users-get_project_user_details,Get Project User Details,GET,/api/v3/portal/[PORTALID]/projects/[PROJECTID]/users/[ZPUID | EMAILID],v3,[PORTALID]; [PROJECTID]; [ZPUID | EMAILID],ZohoProjects.users.READ,TBD,not-lifecycle,https://projects.zoho.com/api-docs#users-project_users-get_project_user_details,2026-09-01,contradictory
Users,users-project_users-get_project_user_details,Get Project User Details,GET,/api/v3.1/portal/[PORTALID]/projects/[PROJECTID]/users/[ZPUID | EMAILID],v3.1,[PORTALID]; [PROJECTID]; [ZPUID | EMAILID],ZohoProjects.users.READ,TBD,not-lifecycle,https://projects.zoho.com/api-docs#users-project_users-get_project_user_details,2026-09-01,contradictory
Users,users-project_users-add_project_user,Add Project User,POST,/api/v3/portal/[PORTALID]/projects/[PROJECTID]/projectusers,v3,[PORTALID]; [PROJECTID],ZohoProjects.users.CREATE,TBD,not-lifecycle,https://projects.zoho.com/api-docs#users-project_users-add_project_user,2026-09-01,verified
Users,users-project_users-add_project_client_user,Add Project Client User,POST,/api/v3/portal/[PORTALID]/projects/[PROJECTID]/clientuser,v3,[PORTALID]; [PROJECTID],ZohoProjects.users.CREATE,TBD,not-lifecycle,https://projects.zoho.com/api-docs#users-project_users-add_project_client_user,2026-09-01,verified
Users,users-project_users-update_project_user_details,Update Project User Details,POST,/api/v3/portal/[PORTALID]/projects/[PROJECTID]/users/[ZPUID | EMAILID],v3,[PORTALID]; [PROJECTID]; [ZPUID | EMAILID],ZohoProjects.users.UPDATE,TBD,not-lifecycle,https://projects.zoho.com/api-docs#users-project_users-update_project_user_details,2026-09-01,verified
Users,users-project_users-delete_project_user,Delete Project User,DELETE,/api/v3/portal/[PORTALID]/projects/[PROJECTID]/users/[ZPUID | EMAILID],v3,[PORTALID]; [PROJECTID]; [ZPUID | EMAILID],ZohoProjects.users.DELETE,TBD,not-lifecycle,https://projects.zoho.com/api-docs#users-project_users-delete_project_user,2026-09-01,verified
Users,users-user_hierarchy-get_subordinates_of_a_user,Get Subordinates of a User,GET,/api/v3/portal/[PORTALID]/user/[USERID]/descendants,v3,[PORTALID]; [USERID],ZohoProjects.users.READ,Enterprise-only,not-lifecycle,https://projects.zoho.com/api-docs#users-user_hierarchy-get_subordinates_of_a_user,2026-09-01,verified
Users,users-user_exports-get_user_export_details_by_export_id,Get User Export Details by Export ID,GET,/api/v3/portal/[PORTALID]/users/export/[EXPORTID],v3,[PORTALID]; [EXPORTID],"ZohoProjects.users.READ, ZohoFiles.files.READ",TBD,export,https://projects.zoho.com/api-docs#users-user_exports-get_user_export_details_by_export_id,2026-09-01,verified
Users,users-user_exports-get_project_user_export_details_by_export_id,Get Project User Export Details by Export ID,GET,/api/v3/portal/[PORTALID]/projects/[PROJECTID]/users/export/[EXPORTID],v3,[PORTALID]; [PROJECTID]; [EXPORTID],"ZohoProjects.users.READ, ZohoFiles.files.READ",TBD,export,https://projects.zoho.com/api-docs#users-user_exports-get_project_user_export_details_by_export_id,2026-09-01,verified
Users,users-user_exports-get_portal_user_export_history,Get Portal User Export History,GET,/api/v3/portal/[PORTALID]/users/export,v3,[PORTALID],ZohoProjects.users.READ,TBD,export,https://projects.zoho.com/api-docs#users-user_exports-get_portal_user_export_history,2026-09-01,verified
Users,users-user_exports-get_project_user_export_history,Get Project User Export History,GET,/api/v3/portal/[PORTALID]/projects/[PROJECTID]/users/export,v3,[PORTALID]; [PROJECTID],ZohoProjects.users.READ,TBD,export,https://projects.zoho.com/api-docs#users-user_exports-get_project_user_export_history,2026-09-01,verified
Users,users-user_exports-export_portal_users,Export Portal Users,POST,/api/v3/portal/[PORTALID]/users/export,v3,[PORTALID],ZohoProjects.users.READ,TBD,export,https://projects.zoho.com/api-docs#users-user_exports-export_portal_users,2026-09-01,verified
Users,users-user_exports-export_project_users,Export Project Users,POST,/api/v3/portal/[PORTALID]/projects/[PROJECTID]/users/export,v3,[PORTALID]; [PROJECTID],ZohoProjects.users.READ,TBD,export,https://projects.zoho.com/api-docs#users-user_exports-export_project_users,2026-09-01,verified
Users,users-users_invitation_templates-get_all_invitation_templates,Get All Invitation Templates,GET,/api/v3/portal/[PORTALID]/users/email-templates,v3,[PORTALID],ZohoProjects.users.READ,TBD,not-lifecycle,https://projects.zoho.com/api-docs#users-users_invitation_templates-get_all_invitation_templates,2026-09-01,verified
Users,users-users_invitation_templates-get_invitation_template,Get Invitation Template,GET,/api/v3/portal/[PORTALID]/users/email-templates/[EMAIL-TEMPLATEID],v3,[PORTALID]; [EMAIL-TEMPLATEID],ZohoProjects.users.READ,TBD,not-lifecycle,https://projects.zoho.com/api-docs#users-users_invitation_templates-get_invitation_template,2026-09-01,verified
Users,users-users_invitation_templates-create_invitation_template,Create Invitation Template,POST,/api/v3/portal/[PORTALID]/users/email-templates,v3,[PORTALID],ZohoProjects.users.CREATE,TBD,not-lifecycle,https://projects.zoho.com/api-docs#users-users_invitation_templates-create_invitation_template,2026-09-01,verified
Users,users-users_invitation_templates-update_invitation_template,Update Invitation Template,PATCH,/api/v3/portal/[PORTALID]/users/email-templates/[EMAIL-TEMPLATEID],v3,[PORTALID]; [EMAIL-TEMPLATEID],ZohoProjects.users.UPDATE,TBD,not-lifecycle,https://projects.zoho.com/api-docs#users-users_invitation_templates-update_invitation_template,2026-09-01,verified
Users,users-users_invitation_templates-set_default_invitation_template,Set Default Invitation Template,PATCH,/api/v3/portal/[PORTALID]/users/email-templates/[EMAIL-TEMPLATEID]/make-default,v3,[PORTALID]; [EMAIL-TEMPLATEID],ZohoProjects.users.UPDATE,TBD,default-selection,https://projects.zoho.com/api-docs#users-users_invitation_templates-set_default_invitation_template,2026-09-01,verified
Users,users-users_invitation_templates-remove_default_invitation_template,Remove Default Invitation Template,DELETE,/api/v3/portal/[PORTALID]/users/email-templates/[EMAIL-TEMPLATEID]/make-default,v3,[PORTALID]; [EMAIL-TEMPLATEID],ZohoProjects.users.DELETE,TBD,default-selection,https://projects.zoho.com/api-docs#users-users_invitation_templates-remove_default_invitation_template,2026-09-01,verified
Users,users-users_invitation_templates-delete_invitation_template,Delete Invitation Template,DELETE,/api/v3/portal/[PORTALID]/users/email-templates/[EMAIL-TEMPLATEID],v3,[PORTALID]; [EMAIL-TEMPLATEID],ZohoProjects.users.DELETE,TBD,not-lifecycle,https://projects.zoho.com/api-docs#users-users_invitation_templates-delete_invitation_template,2026-09-01,verified
Projects,projects-get_all_projects,Get All Projects,GET,/api/v3/portal/[PORTALID]/projects,v3,[PORTALID],ZohoProjects.projects.READ,TBD,not-lifecycle,https://projects.zoho.com/api-docs#projects-get_all_projects,2026-09-01,verified
Projects,projects-get_project_details,Get Project Details,GET,/api/v3/portal/[PORTALID]/projects/[PROJECTID],v3,[PORTALID]; [PROJECTID],ZohoProjects.projects.READ,TBD,not-lifecycle,https://projects.zoho.com/api-docs#projects-get_project_details,2026-09-01,verified
Projects,projects-create_project,Create Project,POST,/api/v3/portal/[PORTALID]/projects,v3,[PORTALID],ZohoProjects.projects.CREATE,TBD,not-lifecycle,https://projects.zoho.com/api-docs#projects-create_project,2026-09-01,verified
Projects,projects-update_project,Update Project,PATCH,/api/v3/portal/[PORTALID]/projects/[PROJECTID],v3,[PORTALID]; [PROJECTID],ZohoProjects.projects.UPDATE,TBD,not-lifecycle,https://projects.zoho.com/api-docs#projects-update_project,2026-09-01,verified
Projects,projects-trash_project,Trash Project,POST,/api/v3/portal/[PORTALID]/projects/[PROJECTID]/trash,v3,[PORTALID]; [PROJECTID],ZohoProjects.projects.UPDATE,TBD,trash,https://projects.zoho.com/api-docs#projects-trash_project,2026-09-01,verified
Projects,projects-restore_project,Restore Project,POST,/api/v3/portal/[PORTALID]/projects/[PROJECTID]/restore,v3,[PORTALID]; [PROJECTID],ZohoProjects.projects.UPDATE,TBD,restore,https://projects.zoho.com/api-docs#projects-restore_project,2026-09-01,verified
Projects,projects-delete_project,Delete Project,DELETE,/api/v3/portal/[PORTALID]/projects/[PROJECTID],v3,[PORTALID]; [PROJECTID],ZohoProjects.projects.DELETE,TBD,not-lifecycle,https://projects.zoho.com/api-docs#projects-delete_project,2026-09-01,verified
Projects,projects-get_project_associated_modules_details,Get Project Associated Modules Details,GET,/api/v3/portal/[PORTALID]/projects/[PROJECTID]/modules,v3,[PORTALID]; [PROJECTID],ZohoProjects.projects.READ,TBD,associate,https://projects.zoho.com/api-docs#projects-get_project_associated_modules_details,2026-09-01,verified
Projects,projects-project_custom_view-get_custom_view_details,Get Custom View Details,GET,/api/v3/portal/[PORTALID]/projects/customview/[CUSTOMVIEWID],v3,[PORTALID]; [CUSTOMVIEWID],ZohoProjects.portals.READ,TBD,not-lifecycle,https://projects.zoho.com/api-docs#projects-project_custom_view-get_custom_view_details,2026-09-01,verified
Projects,projects-project_custom_view-get_custom_view_list,Get Custom View List,GET,/api/v3/portal/[PORTALID]/projects/customview,v3,[PORTALID],ZohoProjects.portals.READ,TBD,not-lifecycle,https://projects.zoho.com/api-docs#projects-project_custom_view-get_custom_view_list,2026-09-01,verified
Projects,projects-project_custom_view-update_default_view,Update Default View,POST,/api/v3/portal/[PORTALID]/projects/customview/[CUSTOMVIEWID]/markanchored,v3,[PORTALID]; [CUSTOMVIEWID],ZohoProjects.portals.UPDATE,TBD,default-selection,https://projects.zoho.com/api-docs#projects-project_custom_view-update_default_view,2026-09-01,verified
Projects,projects-project_custom_view-update_favorite_view,Update Favorite View,POST,/api/v3/portal/[PORTALID]/projects/customview/[CUSTOMVIEWID]/markfavourite,v3,[PORTALID]; [CUSTOMVIEWID],ZohoProjects.portals.UPDATE,TBD,favourite-selection,https://projects.zoho.com/api-docs#projects-project_custom_view-update_favorite_view,2026-09-01,verified
Projects,projects-project_comments-get_comments,Get Comments,GET,/api/v3/portal/[PORTALID]/projects/[PROJECTID]/comments,v3,[PORTALID]; [PROJECTID],ZohoProjects.projects.READ,TBD,not-lifecycle,https://projects.zoho.com/api-docs#projects-project_comments-get_comments,2026-09-01,verified
Projects,projects-project_comments-get_comment_details,Get Comment Details,GET,/api/v3/portal/[PORTALID]/projects/[PROJECTID]/comments/[COMMENTID],v3,[PORTALID]; [PROJECTID]; [COMMENTID],ZohoProjects.projects.READ,TBD,not-lifecycle,https://projects.zoho.com/api-docs#projects-project_comments-get_comment_details,2026-09-01,verified
Projects,projects-project_comments-add_comment,Add Comment,POST,/api/v3/portal/[PORTALID]/projects/[PROJECTID]/comments,v3,[PORTALID]; [PROJECTID],ZohoProjects.projects.CREATE,TBD,not-lifecycle,https://projects.zoho.com/api-docs#projects-project_comments-add_comment,2026-09-01,verified
Projects,projects-project_comments-update_comment,Update Comment,PATCH,/api/v3/portal/[PORTALID]/projects/[PROJECTID]/comments/[COMMENTID],v3,[PORTALID]; [PROJECTID]; [COMMENTID],ZohoProjects.projects.UPDATE,TBD,not-lifecycle,https://projects.zoho.com/api-docs#projects-project_comments-update_comment,2026-09-01,verified
Projects,projects-project_comments-delete_comment,Delete Comment,DELETE,/api/v3/portal/[PORTALID]/projects/[PROJECTID]/comments/[COMMENTID],v3,[PORTALID]; [PROJECTID]; [COMMENTID],ZohoProjects.projects.DELETE,TBD,not-lifecycle,https://projects.zoho.com/api-docs#projects-project_comments-delete_comment,2026-09-01,verified
Projects,projects-project_group-get_all_project_groups,Get All Project Groups,GET,/api/v3/portal/[PORTALID]/project-groups,v3,[PORTALID],ZohoProjects.projectgroups.READ,TBD,not-lifecycle,https://projects.zoho.com/api-docs#projects-project_group-get_all_project_groups,2026-09-01,verified
Projects,projects-project_group-get_user_s_project_groups,Get User's Project Groups,GET,/api/v3/portal/[PORTALID]/my-project-groups,v3,[PORTALID],ZohoProjects.projectgroups.READ,TBD,not-lifecycle,https://projects.zoho.com/api-docs#projects-project_group-get_user_s_project_groups,2026-09-01,verified
Projects,projects-project_group-create_project_group,Create Project Group,POST,/api/v3/portal/[PORTALID]/project-groups,v3,[PORTALID],ZohoProjects.projectgroups.CREATE,TBD,not-lifecycle,https://projects.zoho.com/api-docs#projects-project_group-create_project_group,2026-09-01,verified
Projects,projects-project_group-update_project_group,Update Project Group,PATCH,/api/v3/portal/[PORTALID]/project-groups/[PROJECT-GROUPID],v3,[PORTALID]; [PROJECT-GROUPID],ZohoProjects.projectgroups.UPDATE,TBD,not-lifecycle,https://projects.zoho.com/api-docs#projects-project_group-update_project_group,2026-09-01,verified
Projects,projects-project_group-delete_project_group,Delete Project Group,DELETE,/api/v3/portal/[PORTALID]/project-groups/[PROJECT-GROUPID],v3,[PORTALID]; [PROJECT-GROUPID],ZohoProjects.projectgroups.DELETE,TBD,not-lifecycle,https://projects.zoho.com/api-docs#projects-project_group-delete_project_group,2026-09-01,verified
Projects,projects-project_export-get_project_export_form,Get Project Export Form,GET,/api/v3/portal/[PORTALID]/projects/export-form,v3,[PORTALID],ZohoProjects.projects.READ,TBD,export,https://projects.zoho.com/api-docs#projects-project_export-get_project_export_form,2026-09-01,verified
Projects,projects-project_export-export_or_schedule_project_export,Export or Schedule Project Export,POST,/api/v3/portal/[PORTALID]/projects/export,v3,[PORTALID],TBD,TBD,export,https://projects.zoho.com/api-docs#projects-project_export-export_or_schedule_project_export,2026-09-01,verified
Projects,projects-project_export-get_project_exports_details,Get Project Exports Details,GET,/api/v3/portal/[PORTALID]/projects/export,v3,[PORTALID],TBD,TBD,export,https://projects.zoho.com/api-docs#projects-project_export-get_project_exports_details,2026-09-01,verified
Projects,projects-project_export-update_project_export,Update Project Export,PATCH,/api/v3/portal/[PORTALID]/projects/export/[EXPORTID],v3,[PORTALID]; [EXPORTID],TBD,TBD,export,https://projects.zoho.com/api-docs#projects-project_export-update_project_export,2026-09-01,verified
Projects,projects-project_export-delete_project_export,Delete Project Export,DELETE,/api/v3/portal/[PORTALID]/projects/export/[EXPORTID],v3,[PORTALID]; [EXPORTID],TBD,TBD,export,https://projects.zoho.com/api-docs#projects-project_export-delete_project_export,2026-09-01,verified
Phases,phases-get_phases,Get Phases,GET,/api/v3/portal/[PORTALID]/phases,v3,[PORTALID],ZohoProjects.milestones.READ,TBD,not-lifecycle,https://projects.zoho.com/api-docs#phases-get_phases,2026-09-01,verified
Phases,phases-get_project_phases,Get Project Phases,GET,/api/v3/portal/[PORTALID]/projects/[PROJECTID]/phases,v3,[PORTALID]; [PROJECTID],ZohoProjects.milestones.READ,TBD,not-lifecycle,https://projects.zoho.com/api-docs#phases-get_project_phases,2026-09-01,verified
Phases,phases-get_phase_details,Get Phase Details,GET,/api/v3/portal/[PORTALID]/projects/[PROJECTID]/phases/[PHASEID],v3,[PORTALID]; [PROJECTID]; [PHASEID],ZohoProjects.milestones.READ,TBD,not-lifecycle,https://projects.zoho.com/api-docs#phases-get_phase_details,2026-09-01,verified
Phases,phases-create_phase,Create Phase,POST,/api/v3/portal/[PORTALID]/projects/[PROJECTID]/phases,v3,[PORTALID]; [PROJECTID],ZohoProjects.milestones.CREATE,TBD,not-lifecycle,https://projects.zoho.com/api-docs#phases-create_phase,2026-09-01,verified
Phases,phases-update_phase,Update Phase,POST,/api/v3/portal/[PORTALID]/projects/[PROJECTID]/phases/[PHASEID],v3,[PORTALID]; [PROJECTID]; [PHASEID],ZohoProjects.milestones.CREATE,TBD,not-lifecycle,https://projects.zoho.com/api-docs#phases-update_phase,2026-09-01,verified
Phases,phases-delete_phase,Delete Phase,DELETE,/api/v3/portal/[PORTALID]/projects/[PROJECTID]/phases/[PHASEID],v3,[PORTALID]; [PROJECTID]; [PHASEID],ZohoProjects.milestones.DELETE,TBD,not-lifecycle,https://projects.zoho.com/api-docs#phases-delete_phase,2026-09-01,verified
Phases,phases-move_phase,Move Phase,PATCH,/api/v3/portal/[PORTALID]/projects/[PROJECTID]/phases/[PHASEID]/move,v3,[PORTALID]; [PROJECTID]; [PHASEID],ZohoProjects.milestones.UPDATE,TBD,move,https://projects.zoho.com/api-docs#phases-move_phase,2026-09-01,verified
Phases,phases-clone_phase,Clone Phase,POST,/api/v3/portal/[PORTALID]/projects/[PROJECTID]/phases/[PHASEID]/clone,v3,[PORTALID]; [PROJECTID]; [PHASEID],ZohoProjects.milestones.CREATE,TBD,clone,https://projects.zoho.com/api-docs#phases-clone_phase,2026-09-01,verified
Phases,phases-get_activities,Get Activities,GET,/api/v3/portal/[PORTALID]/projects/[PROJECTID]/phases/[PHASEID]/activities,v3,[PORTALID]; [PROJECTID]; [PHASEID],ZohoProjects.portals.READ,TBD,not-lifecycle,https://projects.zoho.com/api-docs#phases-get_activities,2026-09-01,verified
Phases,phases-get_status_transition,Get Status Transition,GET,/api/v3/portal/[PORTALID]/projects/[PROJECTID]/phases/[PHASEID]/status-timeline,v3,[PORTALID]; [PROJECTID]; [PHASEID],ZohoProjects.milestones.READ,TBD,blueprint-or-status-transition,https://projects.zoho.com/api-docs#phases-get_status_transition,2026-09-01,verified
Phases,phases-phase_followers-get_followers,Get Followers,GET,/api/v3/portal/[PORTALID]/projects/[PROJECTID]/phases/[PHASEID]/followers,v3,[PORTALID]; [PROJECTID]; [PHASEID],ZohoProjects.milestones.READ,TBD,follow,https://projects.zoho.com/api-docs#phases-phase_followers-get_followers,2026-09-01,verified
Phases,phases-phase_followers-add_followers,Add Followers,POST,/api/v3/portal/[PORTALID]/projects/[PROJECTID]/phases/[PHASEID]/follow,v3,[PORTALID]; [PROJECTID]; [PHASEID],ZohoProjects.milestones.CREATE,TBD,follow,https://projects.zoho.com/api-docs#phases-phase_followers-add_followers,2026-09-01,verified
Phases,phases-phase_followers-remove_followers,Remove Followers,DELETE,/api/v3/portal/[PORTALID]/projects/[PROJECTID]/phases/[PHASEID]/unfollow,v3,[PORTALID]; [PROJECTID]; [PHASEID],ZohoProjects.milestones.DELETE,TBD,unfollow,https://projects.zoho.com/api-docs#phases-phase_followers-remove_followers,2026-09-01,verified
Phases,phases-phase_comments-get_comments,Get Comments,GET,/api/v3/portal/[PORTALID]/projects/[PROJECTID]/phases/[PHASEID]/comments,v3,[PORTALID]; [PROJECTID]; [PHASEID],ZohoProjects.milestones.READ,TBD,not-lifecycle,https://projects.zoho.com/api-docs#phases-phase_comments-get_comments,2026-09-01,verified
Phases,phases-phase_comments-add_comment,Add Comment,POST,/api/v3/portal/[PORTALID]/projects/[PROJECTID]/phases/[PHASEID]/comments,v3,[PORTALID]; [PROJECTID]; [PHASEID],ZohoProjects.milestones.CREATE,TBD,not-lifecycle,https://projects.zoho.com/api-docs#phases-phase_comments-add_comment,2026-09-01,verified
Phases,phases-phase_comments-update_comment,Update Comment,PATCH,/api/v3/portal/[PORTALID]/projects/[PROJECTID]/phases/[PHASEID]/comments/[COMMENTID],v3,[PORTALID]; [PROJECTID]; [PHASEID]; [COMMENTID],ZohoProjects.milestones.UPDATE,TBD,not-lifecycle,https://projects.zoho.com/api-docs#phases-phase_comments-update_comment,2026-09-01,verified
Phases,phases-phase_comments-delete_comment,Delete Comment,DELETE,/api/v3/portal/[PORTALID]/projects/[PROJECTID]/phases/[PHASEID]/comments/[COMMENTID],v3,[PORTALID]; [PROJECTID]; [PHASEID]; [COMMENTID],ZohoProjects.milestones.DELETE,TBD,not-lifecycle,https://projects.zoho.com/api-docs#phases-phase_comments-delete_comment,2026-09-01,verified
Issues,issues-get_issues,Get Issues,GET,/api/v3/portal/[PORTALID]/issues,v3,[PORTALID],ZohoProjects.bugs.READ,TBD,not-lifecycle,https://projects.zoho.com/api-docs#issues-get_issues,2026-09-01,verified
Issues,issues-get_project_issues,Get Project Issues,GET,/api/v3/portal/[PORTALID]/projects/[PROJECTID]/issues,v3,[PORTALID]; [PROJECTID],ZohoProjects.bugs.READ,TBD,not-lifecycle,https://projects.zoho.com/api-docs#issues-get_project_issues,2026-09-01,verified
Issues,issues-get_issue_details,Get Issue Details,GET,/api/v3/portal/[PORTALID]/projects/[PROJECTID]/issues/[ISSUEID],v3,[PORTALID]; [PROJECTID]; [ISSUEID],ZohoProjects.bugs.READ,TBD,not-lifecycle,https://projects.zoho.com/api-docs#issues-get_issue_details,2026-09-01,verified
Issues,issues-create_issue,Create Issue,POST,/api/v3/portal/[PORTALID]/projects/[PROJECTID]/issues,v3,[PORTALID]; [PROJECTID],ZohoProjects.bugs.CREATE,TBD,not-lifecycle,https://projects.zoho.com/api-docs#issues-create_issue,2026-09-01,verified
Issues,issues-update_issue,Update Issue,PATCH,/api/v3/portal/[PORTALID]/projects/[PROJECTID]/issues/[ISSUEID],v3,[PORTALID]; [PROJECTID]; [ISSUEID],ZohoProjects.bugs.UPDATE,TBD,not-lifecycle,https://projects.zoho.com/api-docs#issues-update_issue,2026-09-01,verified
Issues,issues-delete_issue,Delete Issue,DELETE,/api/v3/portal/[PORTALID]/projects/[PROJECTID]/issues/[ISSUEID],v3,[PORTALID]; [PROJECTID]; [ISSUEID],ZohoProjects.bugs.DELETE,TBD,not-lifecycle,https://projects.zoho.com/api-docs#issues-delete_issue,2026-09-01,verified
Issues,issues-get_issue_description,Get Issue Description,GET,/api/v3/portal/[PORTALID]/projects/[PROJECTID]/issues/[ISSUEID]/description,v3,[PORTALID]; [PROJECTID]; [ISSUEID],ZohoProjects.bugs.READ,TBD,not-lifecycle,https://projects.zoho.com/api-docs#issues-get_issue_description,2026-09-01,verified
Issues,issues-move_issue,Move Issue,POST,/api/v3/portal/[PORTALID]/projects/[PROJECTID]/issues/[ISSUEID]/move,v3,[PORTALID]; [PROJECTID]; [ISSUEID],ZohoProjects.bugs.CREATE,TBD,move,https://projects.zoho.com/api-docs#issues-move_issue,2026-09-01,verified
Issues,issues-clone_issue,Clone Issue,POST,/api/v3/portal/[PORTALID]/projects/[PROJECTID]/issues/[ISSUEID]/clone,v3,[PORTALID]; [PROJECTID]; [ISSUEID],ZohoProjects.bugs.CREATE,TBD,clone,https://projects.zoho.com/api-docs#issues-clone_issue,2026-09-01,verified
Issues,issues-get_activities,Get Activities,GET,/api/v3/portal/[PORTALID]/projects/[PROJECTID]/issues/[ISSUEID]/activities,v3,[PORTALID]; [PROJECTID]; [ISSUEID],ZohoProjects.bugs.READ,TBD,not-lifecycle,https://projects.zoho.com/api-docs#issues-get_activities,2026-09-01,verified
Issues,issues-get_status_transition,Get Status Transition,GET,/api/v3/portal/[PORTALID]/projects/[PROJECTID]/issues/[ISSUEID]/statustransition,v3,[PORTALID]; [PROJECTID]; [ISSUEID],ZohoProjects.bugs.READ,TBD,blueprint-or-status-transition,https://projects.zoho.com/api-docs#issues-get_status_transition,2026-09-01,contradictory
Issues,issues-get_status_transition,Get Status Transition,GET,/api/v3.1/portal/[PORTALID]/projects/[PROJECTID]/issues/[ISSUEID]/status-timeline,v3.1,[PORTALID]; [PROJECTID]; [ISSUEID],ZohoProjects.bugs.READ,TBD,blueprint-or-status-transition,https://projects.zoho.com/api-docs#issues-get_status_transition,2026-09-01,contradictory
Issues,issues-issue_linking-get_linked_issues,Get Linked Issues,GET,/api/v3/portal/[PORTALID]/projects/[PROJECTID]/issues/[ISSUEID]/linkedissues,v3,[PORTALID]; [PROJECTID]; [ISSUEID],ZohoProjects.bugs.READ,TBD,link,https://projects.zoho.com/api-docs#issues-issue_linking-get_linked_issues,2026-09-01,contradictory
Issues,issues-issue_linking-link_issues,Link Issues,POST,/api/v3/portal/[PORTALID]/projects/[PROJECTID]/issues/[ISSUEID]/link,v3,[PORTALID]; [PROJECTID]; [ISSUEID],ZohoProjects.bugs.CREATE,TBD,link,https://projects.zoho.com/api-docs#issues-issue_linking-link_issues,2026-09-01,contradictory
Issues,issues-issue_linking-bulk_link_issues,Bulk Link Issues,POST,/api/v3/portal/[PORTALID]/projects/[PROJECTID]/issues/bulk-link-bugs,v3,[PORTALID]; [PROJECTID],ZohoProjects.bugs.CREATE,TBD,link,https://projects.zoho.com/api-docs#issues-issue_linking-bulk_link_issues,2026-09-01,verified
Issues,issues-issue_linking-update_link_type,Update Link Type,POST,/api/v3/portal/[PORTALID]/projects/[PROJECTID]/issues/[ISSUEID]/link/[LINKID],v3,[PORTALID]; [PROJECTID]; [ISSUEID]; [LINKID],ZohoProjects.bugs.UPDATE,TBD,link,https://projects.zoho.com/api-docs#issues-issue_linking-update_link_type,2026-09-01,verified
Issues,issues-issue_linking-unlink_issues,Unlink Issues,DELETE,/api/v3/portal/[PORTALID]/projects/[PROJECTID]/issues/[ISSUEID]/link/[LINKID],v3,[PORTALID]; [PROJECTID]; [ISSUEID]; [LINKID],ZohoProjects.bugs.UPDATE,TBD,unlink,https://projects.zoho.com/api-docs#issues-issue_linking-unlink_issues,2026-09-01,contradictory
Issues,issues-issue_linking-get_linked_issues,Get Linked Issues,GET,/api/v3.1/portal/[PORTALID]/projects/[PROJECTID]/issues/[ISSUEID]/linked-issues,v3.1,[PORTALID]; [PROJECTID]; [ISSUEID],ZohoProjects.bugs.READ,TBD,link,https://projects.zoho.com/api-docs#issues-issue_linking-get_linked_issues,2026-09-01,contradictory
Issues,issues-issue_linking-link_issues,Link Issues,POST,/api/v3.1/portal/[PORTALID]/projects/[PROJECTID]/issue-links,v3.1,[PORTALID]; [PROJECTID],ZohoProjects.bugs.CREATE,TBD,link,https://projects.zoho.com/api-docs#issues-issue_linking-link_issues,2026-09-01,contradictory
Issues,issues-issue_linking-unlink_issues,Unlink Issues,DELETE,/api/v3.1/portal/[PORTALID]/projects/[PROJECTID]/issue-links,v3.1,[PORTALID]; [PROJECTID],ZohoProjects.bugs.DELETE,TBD,unlink,https://projects.zoho.com/api-docs#issues-issue_linking-unlink_issues,2026-09-01,contradictory
Issues,issues-issue_linking-change_link_type,Change Link Type,PATCH,/api/v3.1/portal/[PORTALID]/projects/[PROJECTID]/issues-links/[ISSUES-LINKID],v3.1,[PORTALID]; [PROJECTID]; [ISSUES-LINKID],ZohoProjects.bugs.UPDATE,TBD,link,https://projects.zoho.com/api-docs#issues-issue_linking-change_link_type,2026-09-01,verified
Issues,issues-issue_task_mapping-get_associated_issues_from_portal,Get Associated Issues From Portal,GET,/api/v3/portal/[PORTALID]/issues/associated-tasks,v3,[PORTALID],ZohoProjects.tasks.READ,TBD,associate,https://projects.zoho.com/api-docs#issues-issue_task_mapping-get_associated_issues_from_portal,2026-09-01,verified
Issues,issues-issue_task_mapping-get_associated_tasks_from_project,Get Associated Tasks From Project,GET,/api/v3/portal/[PORTALID]/projects/[PROJECTID]/issues/[ISSUEID]/associated-tasks,v3,[PORTALID]; [PROJECTID]; [ISSUEID],ZohoProjects.bugs.READ,TBD,associate,https://projects.zoho.com/api-docs#issues-issue_task_mapping-get_associated_tasks_from_project,2026-09-01,verified
Issues,issues-issue_task_mapping-associate_tasks,Associate Tasks,POST,/api/v3/portal/[PORTALID]/projects/[PROJECTID]/issues/[ISSUEID]/associate-tasks,v3,[PORTALID]; [PROJECTID]; [ISSUEID],ZohoProjects.bugs.UPDATE,TBD,associate,https://projects.zoho.com/api-docs#issues-issue_task_mapping-associate_tasks,2026-09-01,verified
Issues,issues-issue_task_mapping-bulk_associate_tasks,Bulk Associate Tasks,POST,/api/v3/portal/[PORTALID]/projects/[PROJECTID]/issues/bulk-associate-tasks,v3,[PORTALID]; [PROJECTID],ZohoProjects.bugs.UPDATE,TBD,associate,https://projects.zoho.com/api-docs#issues-issue_task_mapping-bulk_associate_tasks,2026-09-01,verified
Issues,issues-issue_task_mapping-disassociate_task,Disassociate Task,DELETE,/api/v3/portal/[PORTALID]/projects/[PROJECTID]/issues/[ISSUEID]/task/[TASKID],v3,[PORTALID]; [PROJECTID]; [ISSUEID]; [TASKID],ZohoProjects.bugs.UPDATE,TBD,disassociate,https://projects.zoho.com/api-docs#issues-issue_task_mapping-disassociate_task,2026-09-01,verified
Issues,issues-issue_task_mapping-get_associated_tasks_for_an_issue,Get Associated Tasks for an Issue,GET,/api/v3.1/portal/[PORTALID]/projects/[PROJECTID]/issues/[ISSUEID]/associated-tasks,v3.1,[PORTALID]; [PROJECTID]; [ISSUEID],ZohoProjects.bugs.READ,TBD,associate,https://projects.zoho.com/api-docs#issues-issue_task_mapping-get_associated_tasks_for_an_issue,2026-09-01,verified
Issues,issues-issue_task_mapping-get_associated_issues_for_a_task,Get Associated Issues for a Task,GET,/api/v3.1/portal/[PORTALID]/projects/[PROJECTID]/tasks/[TASKID]/associated-issues,v3.1,[PORTALID]; [PROJECTID]; [TASKID],ZohoProjects.bugs.READ,TBD,associate,https://projects.zoho.com/api-docs#issues-issue_task_mapping-get_associated_issues_for_a_task,2026-09-01,verified
Issues,issues-issue_task_mapping-link_tasks_to_issues,Link Tasks to Issues,POST,/api/v3.1/portal/[PORTALID]/projects/[PROJECTID]/task-issue-mapping,v3.1,[PORTALID]; [PROJECTID],ZohoProjects.bugs.CREATE,TBD,link,https://projects.zoho.com/api-docs#issues-issue_task_mapping-link_tasks_to_issues,2026-09-01,verified
Issues,issues-issue_task_mapping-unlink_tasks_from_issues,Unlink Tasks from Issues,DELETE,/api/v3.1/portal/[PORTALID]/projects/[PROJECTID]/task-issue-mapping,v3.1,[PORTALID]; [PROJECTID],ZohoProjects.bugs.DELETE,TBD,unlink,https://projects.zoho.com/api-docs#issues-issue_task_mapping-unlink_tasks_from_issues,2026-09-01,verified
Issues,issues-issue_resolution-get_resolution,Get Resolution,GET,/api/v3/portal/[PORTALID]/projects/[PROJECTID]/issues/[ISSUEID]/resolution,v3,[PORTALID]; [PROJECTID]; [ISSUEID],ZohoProjects.bugs.READ,TBD,not-lifecycle,https://projects.zoho.com/api-docs#issues-issue_resolution-get_resolution,2026-09-01,contradictory
Issues,issues-issue_resolution-add_resolution,Add Resolution,POST,/api/v3/portal/[PORTALID]/projects/[PROJECTID]/issues/[ISSUEID]/resolution,v3,[PORTALID]; [PROJECTID]; [ISSUEID],ZohoProjects.bugs.CREATE,TBD,not-lifecycle,https://projects.zoho.com/api-docs#issues-issue_resolution-add_resolution,2026-09-01,contradictory
Issues,issues-issue_resolution-update_resolution,Update Resolution,PUT,/api/v3/portal/[PORTALID]/projects/[PROJECTID]/issues/[ISSUEID]/resolution,v3,[PORTALID]; [PROJECTID]; [ISSUEID],ZohoProjects.bugs.UPDATE,TBD,not-lifecycle,https://projects.zoho.com/api-docs#issues-issue_resolution-update_resolution,2026-09-01,contradictory
Issues,issues-issue_resolution-delete_resolution,Delete Resolution,DELETE,/api/v3/portal/[PORTALID]/projects/[PROJECTID]/issues/[ISSUEID]/resolution,v3,[PORTALID]; [PROJECTID]; [ISSUEID],ZohoProjects.bugs.UPDATE,TBD,not-lifecycle,https://projects.zoho.com/api-docs#issues-issue_resolution-delete_resolution,2026-09-01,contradictory
Issues,issues-issue_resolution-get_resolution,Get Resolution,GET,/api/v3.1/portal/[PORTALID]/projects/[PROJECTID]/issues/[ISSUEID]/resolution,v3.1,[PORTALID]; [PROJECTID]; [ISSUEID],ZohoProjects.bugs.READ,TBD,not-lifecycle,https://projects.zoho.com/api-docs#issues-issue_resolution-get_resolution,2026-09-01,contradictory
Issues,issues-issue_resolution-add_resolution,Add Resolution,POST,/api/v3.1/portal/[PORTALID]/projects/[PROJECTID]/issues/[ISSUEID]/resolution,v3.1,[PORTALID]; [PROJECTID]; [ISSUEID],ZohoProjects.bugs.CREATE,TBD,not-lifecycle,https://projects.zoho.com/api-docs#issues-issue_resolution-add_resolution,2026-09-01,contradictory
Issues,issues-issue_resolution-update_resolution,Update Resolution,PATCH,/api/v3.1/portal/[PORTALID]/projects/[PROJECTID]/issues/[ISSUEID]/resolution,v3.1,[PORTALID]; [PROJECTID]; [ISSUEID],ZohoProjects.bugs.UPDATE,TBD,not-lifecycle,https://projects.zoho.com/api-docs#issues-issue_resolution-update_resolution,2026-09-01,contradictory
Issues,issues-issue_resolution-delete_resolution,Delete Resolution,DELETE,/api/v3.1/portal/[PORTALID]/projects/[PROJECTID]/issues/[ISSUEID]/resolution,v3.1,[PORTALID]; [PROJECTID]; [ISSUEID],ZohoProjects.bugs.DELETE,TBD,not-lifecycle,https://projects.zoho.com/api-docs#issues-issue_resolution-delete_resolution,2026-09-01,contradictory
Issues,issues-issue_followers-get_followers,Get Followers,GET,/api/v3/portal/[PORTALID]/projects/[PROJECTID]/issues/[ISSUEID]/followers,v3,[PORTALID]; [PROJECTID]; [ISSUEID],ZohoProjects.bugs.READ,TBD,follow,https://projects.zoho.com/api-docs#issues-issue_followers-get_followers,2026-09-01,verified
Issues,issues-issue_followers-follow_issue,Follow Issue,POST,/api/v3/portal/[PORTALID]/projects/[PROJECTID]/issues/[ISSUEID]/followers,v3,[PORTALID]; [PROJECTID]; [ISSUEID],ZohoProjects.bugs.CREATE,TBD,follow,https://projects.zoho.com/api-docs#issues-issue_followers-follow_issue,2026-09-01,verified
Issues,issues-issue_followers-remove_followers,Remove Followers,DELETE,/api/v3/portal/[PORTALID]/projects/[PROJECTID]/issues/[ISSUEID]/followers,v3,[PORTALID]; [PROJECTID]; [ISSUEID],ZohoProjects.bugs.DELETE,TBD,unfollow,https://projects.zoho.com/api-docs#issues-issue_followers-remove_followers,2026-09-01,verified
Issues,issues-issue_followers-get_followers_of_an_issue,Get Followers of an Issue,GET,/api/v3.1/portal/[PORTALID]/projects/[PROJECTID]/issues/[ISSUEID]/followers,v3.1,[PORTALID]; [PROJECTID]; [ISSUEID],ZohoProjects.bugs.READ,TBD,follow,https://projects.zoho.com/api-docs#issues-issue_followers-get_followers_of_an_issue,2026-09-01,verified
Issues,issues-issue_followers-follow_an_issue,Follow an Issue,POST,/api/v3.1/portal/[PORTALID]/projects/[PROJECTID]/issues/[ISSUEID]/follow,v3.1,[PORTALID]; [PROJECTID]; [ISSUEID],ZohoProjects.bugs.CREATE,TBD,follow,https://projects.zoho.com/api-docs#issues-issue_followers-follow_an_issue,2026-09-01,verified
Issues,issues-issue_followers-unfollow_an_issue,Unfollow an Issue,POST,/api/v3.1/portal/[PORTALID]/projects/[PROJECTID]/issues/[ISSUEID]/unfollow,v3.1,[PORTALID]; [PROJECTID]; [ISSUEID],ZohoProjects.bugs.DELETE,TBD,unfollow,https://projects.zoho.com/api-docs#issues-issue_followers-unfollow_an_issue,2026-09-01,verified
Issues,issues-issue_custom_views-get_custom_views,Get Custom Views,GET,/api/v3/portal/[PORTALID]/issues/customviews,v3,[PORTALID],ZohoProjects.bugs.READ,TBD,not-lifecycle,https://projects.zoho.com/api-docs#issues-issue_custom_views-get_custom_views,2026-09-01,verified
Issues,issues-issue_custom_views-get_project_custom_views,Get Project Custom Views,GET,/api/v3/portal/[PORTALID]/projects/[PROJECTID]/issues/customviews,v3,[PORTALID]; [PROJECTID],ZohoProjects.bugs.READ,TBD,not-lifecycle,https://projects.zoho.com/api-docs#issues-issue_custom_views-get_project_custom_views,2026-09-01,verified
Issues,issues-issue_custom_views-get_custom_view_details_from_project,Get Custom View Details From Project,GET,/api/v3/portal/[PORTALID]/projects/[PROJECTID]/issues/customviews/[CUSTOMVIEWID],v3,[PORTALID]; [PROJECTID]; [CUSTOMVIEWID],ZohoProjects.bugs.READ,TBD,not-lifecycle,https://projects.zoho.com/api-docs#issues-issue_custom_views-get_custom_view_details_from_project,2026-09-01,verified
Issues,issues-issue_attachment-get_attachments,Get Attachments,GET,/api/v3/portal/[PORTALID]/projects/[PROJECTID]/issues/[ISSUEID]/attachments,v3,[PORTALID]; [PROJECTID]; [ISSUEID],ZohoProjects.bugs.READ,TBD,not-lifecycle,https://projects.zoho.com/api-docs#issues-issue_attachment-get_attachments,2026-09-01,verified
Issues,issues-issue_attachment-associate_attachments,Associate Attachments,POST,/api/v3/portal/[PORTALID]/projects/[PROJECTID]/issues/[ISSUEID]/attachments,v3,[PORTALID]; [PROJECTID]; [ISSUEID],ZohoProjects.bugs.UPDATE,TBD,associate,https://projects.zoho.com/api-docs#issues-issue_attachment-associate_attachments,2026-09-01,verified
Issues,issues-issue_attachment-disassociate_attachment,Disassociate Attachment,DELETE,/api/v3/portal/[PORTALID]/projects/[PROJECTID]/issues/[ISSUEID]/attachments/[ATTACHMENTID],v3,[PORTALID]; [PROJECTID]; [ISSUEID]; [ATTACHMENTID],ZohoProjects.bugs.UPDATE,TBD,disassociate,https://projects.zoho.com/api-docs#issues-issue_attachment-disassociate_attachment,2026-09-01,verified
Issues,issues-issue_comments-get_comments,Get Comments,GET,/api/v3/portal/[PORTALID]/projects/[PROJECTID]/issues/[ISSUEID]/comments,v3,[PORTALID]; [PROJECTID]; [ISSUEID],ZohoProjects.bugs.READ,TBD,not-lifecycle,https://projects.zoho.com/api-docs#issues-issue_comments-get_comments,2026-09-01,verified
Issues,issues-issue_comments-get_comment,Get Comment,GET,/api/v3/portal/[PORTALID]/projects/[PROJECTID]/issues/[ISSUEID]/comments/[COMMENTID],v3,[PORTALID]; [PROJECTID]; [ISSUEID]; [COMMENTID],ZohoProjects.bugs.READ,TBD,not-lifecycle,https://projects.zoho.com/api-docs#issues-issue_comments-get_comment,2026-09-01,verified
Issues,issues-issue_comments-get_attachment,Get Attachment,GET,/api/v3/portal/[PORTALID]/projects/[PROJECTID]/issues/[ISSUEID]/attachments/comments,v3,[PORTALID]; [PROJECTID]; [ISSUEID],ZohoProjects.bugs.READ,TBD,not-lifecycle,https://projects.zoho.com/api-docs#issues-issue_comments-get_attachment,2026-09-01,verified
Issues,issues-issue_comments-add_comment,Add Comment,POST,/api/v3/portal/[PORTALID]/projects/[PROJECTID]/issues/[ISSUEID]/comments,v3,[PORTALID]; [PROJECTID]; [ISSUEID],ZohoProjects.bugs.CREATE,TBD,not-lifecycle,https://projects.zoho.com/api-docs#issues-issue_comments-add_comment,2026-09-01,verified
Issues,issues-issue_comments-update_comment,Update Comment,PATCH,/api/v3/portal/[PORTALID]/projects/[PROJECTID]/issues/[ISSUEID]/comments/[COMMENTID],v3,[PORTALID]; [PROJECTID]; [ISSUEID]; [COMMENTID],ZohoProjects.bugs.UPDATE,TBD,not-lifecycle,https://projects.zoho.com/api-docs#issues-issue_comments-update_comment,2026-09-01,verified
Issues,issues-issue_comments-delete_comment,Delete Comment,DELETE,/api/v3/portal/[PORTALID]/projects/[PROJECTID]/issues/[ISSUEID]/comments/[COMMENTID],v3,[PORTALID]; [PROJECTID]; [ISSUEID]; [COMMENTID],ZohoProjects.bugs.DELETE,TBD,not-lifecycle,https://projects.zoho.com/api-docs#issues-issue_comments-delete_comment,2026-09-01,verified
Task Lists,task_lists-get_task_lists,Get Task Lists,GET,/api/v3/portal/[PORTALID]/all-tasklists,v3,[PORTALID],ZohoProjects.tasklists.READ,TBD,not-lifecycle,https://projects.zoho.com/api-docs#task_lists-get_task_lists,2026-09-01,verified
Task Lists,task_lists-get_project_task_lists,Get Project Task Lists,GET,/api/v3/portal/[PORTALID]/projects/[PROJECTID]/tasklists,v3,[PORTALID]; [PROJECTID],ZohoProjects.tasklists.READ,TBD,not-lifecycle,https://projects.zoho.com/api-docs#task_lists-get_project_task_lists,2026-09-01,verified
Task Lists,task_lists-get_details,Get Details,GET,/api/v3/portal/[PORTALID]/projects/[PROJECTID]/tasklists/[TASKLISTID],v3,[PORTALID]; [PROJECTID]; [TASKLISTID],ZohoProjects.tasklists.READ,TBD,not-lifecycle,https://projects.zoho.com/api-docs#task_lists-get_details,2026-09-01,verified
Task Lists,task_lists-create_task_list,Create Task List,POST,/api/v3/portal/[PORTALID]/projects/[PROJECTID]/tasklists,v3,[PORTALID]; [PROJECTID],ZohoProjects.tasklists.CREATE,TBD,not-lifecycle,https://projects.zoho.com/api-docs#task_lists-create_task_list,2026-09-01,verified
Task Lists,task_lists-update_task_list,Update Task List,PATCH,/api/v3/portal/[PORTALID]/projects/[PROJECTID]/tasklists/[TASKLISTID],v3,[PORTALID]; [PROJECTID]; [TASKLISTID],ZohoProjects.tasklists.CREATE,TBD,not-lifecycle,https://projects.zoho.com/api-docs#task_lists-update_task_list,2026-09-01,verified
Task Lists,task_lists-delete_task_list,Delete Task List,DELETE,/api/v3/portal/[PORTALID]/projects/[PROJECTID]/tasklists/[TASKLISTID],v3,[PORTALID]; [PROJECTID]; [TASKLISTID],ZohoProjects.tasklists.DELETE,TBD,not-lifecycle,https://projects.zoho.com/api-docs#task_lists-delete_task_list,2026-09-01,verified
Task Lists,task_lists-create_default_task_list,Create Default Task List,POST,/api/v3/portal/[PORTALID]/projects/[PROJECTID]/default-tasklists,v3,[PORTALID]; [PROJECTID],ZohoProjects.tasklists.CREATE,TBD,default-selection,https://projects.zoho.com/api-docs#task_lists-create_default_task_list,2026-09-01,verified
Task Lists,task_lists-clone_a_task_list,Clone a Task List,POST,/api/v3/portal/[PORTALID]/projects/[PROJECTID]/tasklists/clone,v3,[PORTALID]; [PROJECTID],ZohoProjects.tasklists.CREATE,TBD,clone,https://projects.zoho.com/api-docs#task_lists-clone_a_task_list,2026-09-01,verified
Task Lists,task_lists-task_list_comments-get_multiple_comments,Get Multiple Comments,GET,/api/v3/portal/[PORTALID]/projects/[PROJECTID]/tasklists/[TASKLISTID]/comments,v3,[PORTALID]; [PROJECTID]; [TASKLISTID],ZohoProjects.tasklists.READ,TBD,not-lifecycle,https://projects.zoho.com/api-docs#task_lists-task_list_comments-get_multiple_comments,2026-09-01,verified
Task Lists,task_lists-task_list_comments-get_comment,Get Comment,GET,/api/v3/portal/[PORTALID]/projects/[PROJECTID]/tasklists/[TASKLISTID]/comments/[COMMENTID],v3,[PORTALID]; [PROJECTID]; [TASKLISTID]; [COMMENTID],ZohoProjects.tasklists.READ,TBD,not-lifecycle,https://projects.zoho.com/api-docs#task_lists-task_list_comments-get_comment,2026-09-01,verified
Task Lists,task_lists-task_list_comments-add_comment,Add Comment,POST,/api/v3/portal/[PORTALID]/projects/[PROJECTID]/tasklists/[TASKLISTID]/comments,v3,[PORTALID]; [PROJECTID]; [TASKLISTID],ZohoProjects.tasklists.CREATE,TBD,not-lifecycle,https://projects.zoho.com/api-docs#task_lists-task_list_comments-add_comment,2026-09-01,verified
Task Lists,task_lists-task_list_comments-update_comment,Update Comment,PATCH,/api/v3/portal/[PORTALID]/projects/[PROJECTID]/tasklists/[TASKLISTID]/comments/[COMMENTID],v3,[PORTALID]; [PROJECTID]; [TASKLISTID]; [COMMENTID],ZohoProjects.tasklists.UPDATE,TBD,not-lifecycle,https://projects.zoho.com/api-docs#task_lists-task_list_comments-update_comment,2026-09-01,verified
Task Lists,task_lists-task_list_comments-delete_comment,Delete Comment,DELETE,/api/v3/portal/[PORTALID]/projects/[PROJECTID]/tasklists/[TASKLISTID]/comments/[COMMENTID],v3,[PORTALID]; [PROJECTID]; [TASKLISTID]; [COMMENTID],ZohoProjects.tasklists.DELETE,TBD,not-lifecycle,https://projects.zoho.com/api-docs#task_lists-task_list_comments-delete_comment,2026-09-01,verified
Task Lists,task_lists-task_list_followers-get_followers,Get Followers,GET,/api/v3/portal/[PORTALID]/projects/[PROJECTID]/tasklists/[TASKLISTID]/followers,v3,[PORTALID]; [PROJECTID]; [TASKLISTID],ZohoProjects.tasklists.READ,TBD,follow,https://projects.zoho.com/api-docs#task_lists-task_list_followers-get_followers,2026-09-01,verified
Task Lists,task_lists-task_list_followers-follow_task_list,Follow Task List,POST,/api/v3/portal/[PORTALID]/projects/[PROJECTID]/tasklists/[TASKLISTID]/follow,v3,[PORTALID]; [PROJECTID]; [TASKLISTID],ZohoProjects.tasklists.CREATE,TBD,follow,https://projects.zoho.com/api-docs#task_lists-task_list_followers-follow_task_list,2026-09-01,verified
Task Lists,task_lists-task_list_followers-unfollow_task_list,Unfollow Task List,POST,/api/v3/portal/[PORTALID]/projects/[PROJECTID]/tasklists/[TASKLISTID]/unfollow,v3,[PORTALID]; [PROJECTID]; [TASKLISTID],ZohoProjects.tasklists.DELETE,TBD,unfollow,https://projects.zoho.com/api-docs#task_lists-task_list_followers-unfollow_task_list,2026-09-01,verified
Task Lists,task_lists-task_list_templates-get_task_lists_from_a_template,Get Task Lists from a Template,GET,/api/v3/portal/[PORTALID]/templates/tasklists,v3,[PORTALID],ZohoProjects.tasklists.READ,TBD,not-lifecycle,https://projects.zoho.com/api-docs#task_lists-task_list_templates-get_task_lists_from_a_template,2026-09-01,verified
Task Lists,task_lists-task_list_templates-get_tasks_from_task_list_template,Get Tasks from Task List Template,GET,/api/v3/portal/[PORTALID]/templates/tasklists/[TASKLISTID]/tasks,v3,[PORTALID]; [TASKLISTID],ZohoProjects.tasklists.READ,TBD,not-lifecycle,https://projects.zoho.com/api-docs#task_lists-task_list_templates-get_tasks_from_task_list_template,2026-09-01,verified
Task Lists,task_lists-task_list_templates-make_as_task_template,Make as Task Template,POST,/api/v3/portal/[PORTALID]/projects/[PROJECTID]/tasklists/[TASKLISTID]/make-as-template,v3,[PORTALID]; [PROJECTID]; [TASKLISTID],ZohoProjects.tasklists.CREATE,TBD,not-lifecycle,https://projects.zoho.com/api-docs#task_lists-task_list_templates-make_as_task_template,2026-09-01,verified
Tasks,tasks-get_tasks,Get Tasks,GET,/api/v3/portal/[PORTALID]/tasks,v3,[PORTALID],ZohoProjects.tasks.READ,TBD,not-lifecycle,https://projects.zoho.com/api-docs#tasks-get_tasks,2026-09-01,verified
Tasks,tasks-get_project_tasks,Get Project Tasks,GET,/api/v3/portal/[PORTALID]/projects/[PROJECTID]/tasks,v3,[PORTALID]; [PROJECTID],ZohoProjects.tasks.READ,TBD,not-lifecycle,https://projects.zoho.com/api-docs#tasks-get_project_tasks,2026-09-01,verified
Tasks,tasks-get_task_details,Get Task Details,GET,/api/v3/portal/[PORTALID]/projects/[PROJECTID]/tasks/[TASKID],v3,[PORTALID]; [PROJECTID]; [TASKID],ZohoProjects.tasks.READ,TBD,not-lifecycle,https://projects.zoho.com/api-docs#tasks-get_task_details,2026-09-01,verified
Tasks,tasks-create_task,Create Task,POST,/api/v3/portal/[PORTALID]/projects/[PROJECTID]/tasks,v3,[PORTALID]; [PROJECTID],ZohoProjects.tasks.CREATE,TBD,not-lifecycle,https://projects.zoho.com/api-docs#tasks-create_task,2026-09-01,verified
Tasks,tasks-create_multiple_tasks,Create Multiple Tasks,POST,/api/v3/portal/[PORTALID]/projects/[PROJECTID]/bulk-tasks,v3,[PORTALID]; [PROJECTID],ZohoProjects.tasks.CREATE,TBD,not-lifecycle,https://projects.zoho.com/api-docs#tasks-create_multiple_tasks,2026-09-01,verified
Tasks,tasks-update_task,Update Task,PATCH,/api/v3/portal/[PORTALID]/projects/[PROJECTID]/tasks/[TASKID],v3,[PORTALID]; [PROJECTID]; [TASKID],ZohoProjects.tasks.UPDATE,TBD,not-lifecycle,https://projects.zoho.com/api-docs#tasks-update_task,2026-09-01,verified
Tasks,tasks-bulk_update_tasks,Bulk Update Tasks,PATCH,/api/v3/portal/[PORTALID]/bulk-tasks,v3,[PORTALID],ZohoProjects.tasks.UPDATE,TBD,not-lifecycle,https://projects.zoho.com/api-docs#tasks-bulk_update_tasks,2026-09-01,verified
Tasks,tasks-delete_task,Delete Task,DELETE,/api/v3/portal/[PORTALID]/projects/[PROJECTID]/tasks/[TASKID],v3,[PORTALID]; [PROJECTID]; [TASKID],ZohoProjects.tasks.DELETE,TBD,not-lifecycle,https://projects.zoho.com/api-docs#tasks-delete_task,2026-09-01,verified
Tasks,tasks-clone_task,Clone Task,POST,/api/v3/portal/[PORTALID]/projects/[PROJECTID]/tasks/[TASKID]/clone,v3,[PORTALID]; [PROJECTID]; [TASKID],ZohoProjects.tasks.CREATE,TBD,clone,https://projects.zoho.com/api-docs#tasks-clone_task,2026-09-01,verified
Tasks,tasks-move_task,Move Task,POST,/api/v3/portal/[PORTALID]/projects/[PROJECTID]/tasks/[TASKID]/move,v3,[PORTALID]; [PROJECTID]; [TASKID],ZohoProjects.tasks.UPDATE,TBD,move,https://projects.zoho.com/api-docs#tasks-move_task,2026-09-01,verified
Tasks,tasks-reorder_tasks,Reorder Tasks,POST,/api/v3/portal/[PORTALID]/projects/[PROJECTID]/tasks/[TASKID]/reorder,v3,[PORTALID]; [PROJECTID]; [TASKID],ZohoProjects.tasks.UPDATE,TBD,reorder,https://projects.zoho.com/api-docs#tasks-reorder_tasks,2026-09-01,verified
Tasks,tasks-get_task_count,Get Task Count,GET,/api/v3/portal/[PORTALID]/projects/[PROJECTID]/tasks/count,v3,[PORTALID]; [PROJECTID],ZohoProjects.tasks.READ,TBD,not-lifecycle,https://projects.zoho.com/api-docs#tasks-get_task_count,2026-09-01,verified
Tasks,tasks-task_followers-get_followers,Get Followers,GET,/api/v3/portal/[PORTALID]/projects/[PROJECTID]/tasks/[TASKID]/followers,v3,[PORTALID]; [PROJECTID]; [TASKID],ZohoProjects.tasks.READ,TBD,follow,https://projects.zoho.com/api-docs#tasks-task_followers-get_followers,2026-09-01,verified
Tasks,tasks-task_followers-follow_task,Follow Task,POST,/api/v3/portal/[PORTALID]/projects/[PROJECTID]/tasks/[TASKID]/follow,v3,[PORTALID]; [PROJECTID]; [TASKID],ZohoProjects.tasks.CREATE,TBD,follow,https://projects.zoho.com/api-docs#tasks-task_followers-follow_task,2026-09-01,verified
Tasks,tasks-task_followers-add_followers,Add Followers,POST,/api/v3/portal/[PORTALID]/projects/[PROJECTID]/tasks/[TASKID]/followers,v3,[PORTALID]; [PROJECTID]; [TASKID],ZohoProjects.tasks.CREATE,TBD,follow,https://projects.zoho.com/api-docs#tasks-task_followers-add_followers,2026-09-01,verified
Tasks,tasks-task_followers-unfollow_task,Unfollow Task,POST,/api/v3/portal/[PORTALID]/projects/[PROJECTID]/tasks/[TASKID]/unfollow,v3,[PORTALID]; [PROJECTID]; [TASKID],ZohoProjects.tasks.DELETE,TBD,unfollow,https://projects.zoho.com/api-docs#tasks-task_followers-unfollow_task,2026-09-01,verified
Tasks,tasks-task_comments-get_comments,Get Comments,GET,/api/v3/portal/[PORTALID]/projects/[PROJECTID]/tasks/[TASKID]/comments,v3,[PORTALID]; [PROJECTID]; [TASKID],ZohoProjects.tasks.READ,TBD,not-lifecycle,https://projects.zoho.com/api-docs#tasks-task_comments-get_comments,2026-09-01,verified
Tasks,tasks-task_comments-add_comment,Add Comment,POST,/api/v3/portal/[PORTALID]/projects/[PROJECTID]/tasks/[TASKID]/comments,v3,[PORTALID]; [PROJECTID]; [TASKID],ZohoProjects.tasks.CREATE,TBD,not-lifecycle,https://projects.zoho.com/api-docs#tasks-task_comments-add_comment,2026-09-01,verified
Tasks,tasks-task_comments-update_comment,Update Comment,PATCH,/api/v3/portal/[PORTALID]/projects/[PROJECTID]/tasks/[TASKID]/comments/[COMMENTID],v3,[PORTALID]; [PROJECTID]; [TASKID]; [COMMENTID],ZohoProjects.tasks.UPDATE,TBD,not-lifecycle,https://projects.zoho.com/api-docs#tasks-task_comments-update_comment,2026-09-01,verified
Tasks,tasks-task_comments-delete_comment,Delete Comment,DELETE,/api/v3/portal/[PORTALID]/projects/[PROJECTID]/tasks/[TASKID]/comments/[COMMENTID],v3,[PORTALID]; [PROJECTID]; [TASKID]; [COMMENTID],ZohoProjects.tasks.DELETE,TBD,not-lifecycle,https://projects.zoho.com/api-docs#tasks-task_comments-delete_comment,2026-09-01,verified
Tasks,tasks-bug_association-get_associated_issues,Get Associated Issues,GET,/api/v3/portal/[PORTALID]/projects/[PROJECTID]/tasks/[TASKID]/associated-bugs,v3,[PORTALID]; [PROJECTID]; [TASKID],ZohoProjects.tasks.READ,TBD,associate,https://projects.zoho.com/api-docs#tasks-bug_association-get_associated_issues,2026-09-01,verified
Tasks,tasks-bug_association-associate_issues,Associate Issues,POST,/api/v3/portal/[PORTALID]/projects/[PROJECTID]/tasks/[TASKID]/associate-bugs,v3,[PORTALID]; [PROJECTID]; [TASKID],ZohoProjects.tasks.UPDATE,TBD,associate,https://projects.zoho.com/api-docs#tasks-bug_association-associate_issues,2026-09-01,verified
Tasks,tasks-bug_association-disassociate_issue,Disassociate Issue,DELETE,/api/v3/portal/[PORTALID]/projects/[PROJECTID]/tasks/[TASKID]/bug/[BUGID],v3,[PORTALID]; [PROJECTID]; [TASKID]; [BUGID],ZohoProjects.tasks.UPDATE,TBD,disassociate,https://projects.zoho.com/api-docs#tasks-bug_association-disassociate_issue,2026-09-01,verified
Tasks,tasks-forum_association-get_forums,Get Forums,GET,/api/v3/portal/[PORTALID]/projects/[PROJECTID]/tasks/[TASKID]/forums,v3,[PORTALID]; [PROJECTID]; [TASKID],ZohoProjects.tasks.READ,TBD,not-lifecycle,https://projects.zoho.com/api-docs#tasks-forum_association-get_forums,2026-09-01,verified
Tasks,tasks-forum_association-associate_forums,Associate Forums,POST,/api/v3/portal/[PORTALID]/projects/[PROJECTID]/tasks/[TASKID]/associate-forums,v3,[PORTALID]; [PROJECTID]; [TASKID],ZohoProjects.tasks.UPDATE,TBD,associate,https://projects.zoho.com/api-docs#tasks-forum_association-associate_forums,2026-09-01,verified
Tasks,tasks-forum_association-disassociate_forums,Disassociate Forums,DELETE,/api/v3/portal/[PORTALID]/projects/[PROJECTID]/tasks/[TASKID]/associate-forums,v3,[PORTALID]; [PROJECTID]; [TASKID],ZohoProjects.tasks.UPDATE,TBD,disassociate,https://projects.zoho.com/api-docs#tasks-forum_association-disassociate_forums,2026-09-01,verified
Tasks,tasks-task_dependency-add_task_dependency,Add Task Dependency,POST,/api/v3/portal/[PORTALID]/projects/[PROJECTID]/tasks/dependency,v3,[PORTALID]; [PROJECTID],ZohoProjects.tasks.READ,TBD,not-lifecycle,https://projects.zoho.com/api-docs#tasks-task_dependency-add_task_dependency,2026-09-01,verified
Tasks,tasks-task_dependency-update_dependency,Update Dependency,PATCH,/api/v3/portal/[PORTALID]/projects/[PROJECTID]/tasks/dependency,v3,[PORTALID]; [PROJECTID],ZohoProjects.tasks.READ,TBD,not-lifecycle,https://projects.zoho.com/api-docs#tasks-task_dependency-update_dependency,2026-09-01,verified
Tasks,tasks-task_dependency-delete_dependency,Delete Dependency,DELETE,/api/v3/portal/[PORTALID]/projects/[PROJECTID]/tasks/dependency,v3,[PORTALID]; [PROJECTID],ZohoProjects.tasks.READ,TBD,not-lifecycle,https://projects.zoho.com/api-docs#tasks-task_dependency-delete_dependency,2026-09-01,verified
Tasks,tasks-status_timeline-get_status_timeline,Get Status Timeline,GET,/api/v3/portal/[PORTALID]/projects/[PROJECTID]/tasks/[TASKID]/status-timeline,v3,[PORTALID]; [PROJECTID]; [TASKID],ZohoProjects.tasks.READ,TBD,not-lifecycle,https://projects.zoho.com/api-docs#tasks-status_timeline-get_status_timeline,2026-09-01,verified
Tasks,tasks-status_timeline-get_status_history_project,Get Status History (Project),GET,/api/v3/portal/[PORTALID]/projects/[PROJECTID]/taskstatushistory,v3,[PORTALID]; [PROJECTID],ZohoProjects.tasks.READ,TBD,status-history,https://projects.zoho.com/api-docs#tasks-status_timeline-get_status_history_project,2026-09-01,verified
Tasks,tasks-status_timeline-get_status_history_portal,Get Status History (Portal),GET,/api/v3/portal/[PORTALID]/taskstatushistory,v3,[PORTALID],ZohoProjects.tasks.READ,TBD,status-history,https://projects.zoho.com/api-docs#tasks-status_timeline-get_status_history_portal,2026-09-01,verified
Tasks,tasks-status_timeline-export_status_timeline,Export Status Timeline,POST,/api/v3/portal/[PORTALID]/projects/[PROJECTID]/tasks/[TASKID]/status-timeline/export,v3,[PORTALID]; [PROJECTID]; [TASKID],ZohoProjects.tasks.READ,TBD,export,https://projects.zoho.com/api-docs#tasks-status_timeline-export_status_timeline,2026-09-01,verified
Tasks,tasks-task_custom_view-get_all_views,Get All Views,GET,/api/v3/portal/[PORTALID]/mytasks/customviews,v3,[PORTALID],ZohoProjects.tasks.READ,TBD,not-lifecycle,https://projects.zoho.com/api-docs#tasks-task_custom_view-get_all_views,2026-09-01,verified
Tasks,tasks-task_custom_view-get_custom_views_project,Get Custom Views (Project),GET,/api/v3/portal/[PORTALID]/projects/[PROJECTID]/tasks/customviews,v3,[PORTALID]; [PROJECTID],ZohoProjects.tasks.READ,TBD,not-lifecycle,https://projects.zoho.com/api-docs#tasks-task_custom_view-get_custom_views_project,2026-09-01,verified
Tasks,tasks-task_custom_view-get_custom_view_details,Get Custom View Details,GET,/api/v3/portal/[PORTALID]/tasks/customviews/[CUSTOMVIEWID],v3,[PORTALID]; [CUSTOMVIEWID],ZohoProjects.tasks.READ,TBD,not-lifecycle,https://projects.zoho.com/api-docs#tasks-task_custom_view-get_custom_view_details,2026-09-01,verified
Tasks,tasks-task_custom_view-set_default_view_portal,Set Default View (Portal),POST,/api/v3/portal/[PORTALID]/tasks/customviews/[CUSTOMVIEWID]/setdefaultview,v3,[PORTALID]; [CUSTOMVIEWID],ZohoProjects.tasks.UPDATE,TBD,default-selection,https://projects.zoho.com/api-docs#tasks-task_custom_view-set_default_view_portal,2026-09-01,verified
Tasks,tasks-task_custom_view-set_favourite_view_portal,Set Favourite View (Portal),POST,/api/v3/portal/[PORTALID]/tasks/customviews/[CUSTOMVIEWID]/markfavourite,v3,[PORTALID]; [CUSTOMVIEWID],ZohoProjects.tasks.UPDATE,TBD,favourite-selection,https://projects.zoho.com/api-docs#tasks-task_custom_view-set_favourite_view_portal,2026-09-01,verified
Tasks,tasks-task_custom_view-remove_view_from_favorites_portal,Remove View from Favorites (Portal),POST,/api/v3/portal/[PORTALID]/tasks/customviews/[CUSTOMVIEWID]/unmarkfavourite,v3,[PORTALID]; [CUSTOMVIEWID],ZohoProjects.tasks.UPDATE,TBD,favourite-selection,https://projects.zoho.com/api-docs#tasks-task_custom_view-remove_view_from_favorites_portal,2026-09-01,verified
Tasks,tasks-task_custom_view-set_default_view_project,Set Default View (Project),POST,/api/v3/portal/[PORTALID]/projects/[PROJECTID]/tasks/customviews/[CUSTOMVIEWID]/setdefaultview,v3,[PORTALID]; [PROJECTID]; [CUSTOMVIEWID],ZohoProjects.tasks.UPDATE,TBD,default-selection,https://projects.zoho.com/api-docs#tasks-task_custom_view-set_default_view_project,2026-09-01,verified
Tasks,tasks-task_custom_view-set_favorite_view_project,Set Favorite View (Project),POST,/api/v3/portal/[PORTALID]/projects/[PROJECTID]/tasks/customviews/[CUSTOMVIEWID]/markfavourite,v3,[PORTALID]; [PROJECTID]; [CUSTOMVIEWID],ZohoProjects.tasks.UPDATE,TBD,favourite-selection,https://projects.zoho.com/api-docs#tasks-task_custom_view-set_favorite_view_project,2026-09-01,verified
Tasks,tasks-task_custom_view-remove_view_from_favorites_project,Remove View From Favorites (Project),POST,/api/v3/portal/[PORTALID]/projects/[PROJECTID]/tasks/customviews/[CUSTOMVIEWID]/unmarkfavourite,v3,[PORTALID]; [PROJECTID]; [CUSTOMVIEWID],ZohoProjects.tasks.UPDATE,TBD,favourite-selection,https://projects.zoho.com/api-docs#tasks-task_custom_view-remove_view_from_favorites_project,2026-09-01,verified
Tasks,tasks-task_custom_view-delete_custom_view,Delete Custom View,DELETE,/api/v3/portal/[PORTALID]/tasks/customviews/[CUSTOMVIEWID],v3,[PORTALID]; [CUSTOMVIEWID],ZohoProjects.tasks.DELETE,TBD,not-lifecycle,https://projects.zoho.com/api-docs#tasks-task_custom_view-delete_custom_view,2026-09-01,verified
Tasks,tasks-meta-get_blocking_waiting_tasks,Get Blocking/Waiting Tasks,GET,/api/v3/portal/[PORTALID]/projects/[PROJECTID]/tasks/[TASKID]/blocking-waiting-tasks,v3,[PORTALID]; [PROJECTID]; [TASKID],ZohoProjects.tasks.READ,TBD,not-lifecycle,https://projects.zoho.com/api-docs#tasks-meta-get_blocking_waiting_tasks,2026-09-01,verified
Tasks,tasks-baseline-get_baselines,Get Baselines,GET,/api/v3/portal/[PORTALID]/projects/[PROJECTID]/baselines,v3,[PORTALID]; [PROJECTID],ZohoProjects.tasks.READ,TBD,not-lifecycle,https://projects.zoho.com/api-docs#tasks-baseline-get_baselines,2026-09-01,verified
Tasks,tasks-baseline-get_task_details_from_baseline,Get Task Details From Baseline,GET,/api/v3/portal/[PORTALID]/projects/[PROJECTID]/baselinedetails,v3,[PORTALID]; [PROJECTID],ZohoProjects.tasks.READ,TBD,not-lifecycle,https://projects.zoho.com/api-docs#tasks-baseline-get_task_details_from_baseline,2026-09-01,verified
Tasks,tasks-baseline-create_baseline,Create Baseline,POST,/api/v3/portal/[PORTALID]/projects/[PROJECTID]/baseline,v3,[PORTALID]; [PROJECTID],ZohoProjects.tasks.CREATE,TBD,not-lifecycle,https://projects.zoho.com/api-docs#tasks-baseline-create_baseline,2026-09-01,verified
Time Logs,time_logs-time_log_operations-get_time_log_details,Get Time Log Details,GET,/api/v3/portal/[PORTALID]/projects/[PROJECTID]/logs/[LOGID],v3,[PORTALID]; [PROJECTID]; [LOGID],ZohoProjects.timesheets.READ,TBD,not-lifecycle,https://projects.zoho.com/api-docs#time_logs-time_log_operations-get_time_log_details,2026-09-01,verified
Time Logs,time_logs-time_log_operations-add_time_log,Add Time Log,POST,/api/v3/portal/[PORTALID]/projects/[PROJECTID]/log,v3,[PORTALID]; [PROJECTID],ZohoProjects.timesheets.CREATE,TBD,not-lifecycle,https://projects.zoho.com/api-docs#time_logs-time_log_operations-add_time_log,2026-09-01,verified
Time Logs,time_logs-time_log_operations-update_time_log,Update Time Log,PATCH,/api/v3/portal/[PORTALID]/projects/[PROJECTID]/logs/[LOGID],v3,[PORTALID]; [PROJECTID]; [LOGID],ZohoProjects.timesheets.UPDATE,TBD,not-lifecycle,https://projects.zoho.com/api-docs#time_logs-time_log_operations-update_time_log,2026-09-01,verified
Time Logs,time_logs-time_log_operations-delete_time_log,Delete Time Log,DELETE,/api/v3/portal/[PORTALID]/projects/[PROJECTID]/logs/[LOGID],v3,[PORTALID]; [PROJECTID]; [LOGID],ZohoProjects.timesheets.DELETE,TBD,not-lifecycle,https://projects.zoho.com/api-docs#time_logs-time_log_operations-delete_time_log,2026-09-01,verified
Time Logs,time_logs-bulk_time_logs-get_time_logs,Get Time Logs,GET,/api/v3/portal/[PORTALID]/timelogs,v3,[PORTALID],ZohoProjects.timesheets.READ,TBD,not-lifecycle,https://projects.zoho.com/api-docs#time_logs-bulk_time_logs-get_time_logs,2026-09-01,verified
Time Logs,time_logs-bulk_time_logs-get_project_time_logs,Get Project Time Logs,GET,/api/v3/portal/[PORTALID]/projects/[PROJECTID]/timelogs,v3,[PORTALID]; [PROJECTID],ZohoProjects.timesheets.READ,TBD,not-lifecycle,https://projects.zoho.com/api-docs#time_logs-bulk_time_logs-get_project_time_logs,2026-09-01,verified
Time Logs,time_logs-bulk_time_logs-bulk_add_time_logs,Bulk Add Time logs,POST,/api/v3/portal/[PORTALID]/addbulktimelogs,v3,[PORTALID],ZohoProjects.timesheets.CREATE,TBD,not-lifecycle,https://projects.zoho.com/api-docs#time_logs-bulk_time_logs-bulk_add_time_logs,2026-09-01,verified
Time Logs,time_logs-bulk_time_logs-bulk_update_time_logs,Bulk Update Time Logs,PATCH,/api/v3/portal/[PORTALID]/logs,v3,[PORTALID],ZohoProjects.timesheets.UPDATE,TBD,not-lifecycle,https://projects.zoho.com/api-docs#time_logs-bulk_time_logs-bulk_update_time_logs,2026-09-01,verified
Time Logs,time_logs-bulk_time_logs-bulk_delete_time_logs,Bulk Delete Time Logs,DELETE,/api/v3/portal/[PORTALID]/timelogs/bulkdelete,v3,[PORTALID],ZohoProjects.timesheets.DELETE,TBD,not-lifecycle,https://projects.zoho.com/api-docs#time_logs-bulk_time_logs-bulk_delete_time_logs,2026-09-01,verified
Time Logs,time_logs-timesheet_reports-get_time_log_report_portal,Get Time Log Report(Portal),GET,/api/v3/portal/[PORTALID]/timelogs/report,v3,[PORTALID],ZohoProjects.timesheets.READ,TBD,not-lifecycle,https://projects.zoho.com/api-docs#time_logs-timesheet_reports-get_time_log_report_portal,2026-09-01,verified
Time Logs,time_logs-timesheet_reports-get_time_log_report_project,Get Time Log Report(Project),GET,/api/v3/portal/[PORTALID]/projects/[PROJECTID]/timelogs/report,v3,[PORTALID]; [PROJECTID],ZohoProjects.timesheets.READ,TBD,not-lifecycle,https://projects.zoho.com/api-docs#time_logs-timesheet_reports-get_time_log_report_project,2026-09-01,verified
Time Logs,time_logs-timesheet_reports-get_time_log_report_count,Get Time Log Report Count,GET,/api/v3/portal/[PORTALID]/timelogs/reports/count,v3,[PORTALID],ZohoProjects.timesheets.READ,TBD,not-lifecycle,https://projects.zoho.com/api-docs#time_logs-timesheet_reports-get_time_log_report_count,2026-09-01,verified
Time Logs,time_logs-approvers-get_default_approver,Get Default Approver,GET,/api/v3/portal/[PORTALID]/projects/[PROJECTID]/timelogs/approver,v3,[PORTALID]; [PROJECTID],ZohoProjects.timesheets.READ,TBD,default-selection,https://projects.zoho.com/api-docs#time_logs-approvers-get_default_approver,2026-09-01,verified
Time Logs,time_logs-approvers-update_default_approver,Update Default Approver,PATCH,/api/v3/portal/[PORTALID]/projects/[PROJECTID]/timelogs/approver,v3,[PORTALID]; [PROJECTID],ZohoProjects.timesheets.UPDATE,TBD,default-selection,https://projects.zoho.com/api-docs#time_logs-approvers-update_default_approver,2026-09-01,verified
Time Logs,time_logs-pins-get_pinned_time_logs_project,Get Pinned Time Logs(Project),GET,/api/v3/portal/[PORTALID]/projects/[PROJECTID]/timelogs/pin,v3,[PORTALID]; [PROJECTID],ZohoProjects.timesheets.READ,TBD,pin,https://projects.zoho.com/api-docs#time_logs-pins-get_pinned_time_logs_project,2026-09-01,verified
Time Logs,time_logs-pins-get_pinned_time_logs_portal,Get Pinned Time Logs(Portal),GET,/api/v3/portal/[PORTALID]/timelogs/pin,v3,[PORTALID],ZohoProjects.timesheets.READ,TBD,pin,https://projects.zoho.com/api-docs#time_logs-pins-get_pinned_time_logs_portal,2026-09-01,verified
Time Logs,time_logs-pins-unpin_a_time_log_entry,Unpin a Time Log Entry,DELETE,/api/v3/portal/[PORTALID]/timelogs/pin/[PINID],v3,[PORTALID]; [PINID],ZohoProjects.timesheets.CREATE,TBD,unpin,https://projects.zoho.com/api-docs#time_logs-pins-unpin_a_time_log_entry,2026-09-01,verified
Time Logs,time_logs-pins-pin_time_log,Pin Time Log,POST,/api/v3/portal/[PORTALID]/timelogs/pin,v3,[PORTALID],ZohoProjects.timesheets.CREATE,TBD,pin,https://projects.zoho.com/api-docs#time_logs-pins-pin_time_log,2026-09-01,verified
Time Logs,time_logs-pins-update_time_log_pin,Update Time Log Pin,PATCH,/api/v3/portal/[PORTALID]/timelogs/pin/[PINID],v3,[PORTALID]; [PINID],ZohoProjects.timesheets.CREATE,TBD,pin,https://projects.zoho.com/api-docs#time_logs-pins-update_time_log_pin,2026-09-01,verified
Time Logs,time_logs-timers-get_running_timers,Get Running Timers,GET,/api/v3/portal/[PORTALID]/timelogs/timers,v3,[PORTALID],ZohoProjects.timesheets.READ,TBD,timer,https://projects.zoho.com/api-docs#time_logs-timers-get_running_timers,2026-09-01,verified
Time Logs,time_logs-timers-get_timer_details_by_log_id,Get Timer Details by Log ID,GET,/api/v3/portal/[PORTALID]/projects/[PROJECTID]/(task|issue)/timelogs/[TIMELOGID]/timers,v3,[PORTALID]; [PROJECTID]; [TIMELOGID],ZohoProjects.timesheets.READ,TBD,timer,https://projects.zoho.com/api-docs#time_logs-timers-get_timer_details_by_log_id,2026-09-01,verified
Time Logs,time_logs-timers-update_timer_notes_by_log_id,Update Timer Notes by Log ID,POST,/api/v3/portal/[PORTALID]/projects/[PROJECTID]/(task|issue)/timelogs/[TIMELOGID]/timers,v3,[PORTALID]; [PROJECTID]; [TIMELOGID],ZohoProjects.timesheets.UPDATE,TBD,timer,https://projects.zoho.com/api-docs#time_logs-timers-update_timer_notes_by_log_id,2026-09-01,verified
Time Logs,time_logs-timers-start_timer,Start Timer,POST,/api/v3/portal/[PORTALID]/timelogs/timers,v3,[PORTALID],ZohoProjects.timesheets.CREATE,TBD,timer,https://projects.zoho.com/api-docs#time_logs-timers-start_timer,2026-09-01,verified
Time Logs,time_logs-timers-pause_timer,Pause Timer,PATCH,/api/v3/portal/[PORTALID]/timelogs/timers/[TIMERID]/pause,v3,[PORTALID]; [TIMERID],ZohoProjects.timesheets.CREATE,TBD,timer,https://projects.zoho.com/api-docs#time_logs-timers-pause_timer,2026-09-01,verified
Time Logs,time_logs-timers-resume_timer,Resume Timer,PATCH,/api/v3/portal/[PORTALID]/timelogs/timers/[TIMERID]/resume,v3,[PORTALID]; [TIMERID],ZohoProjects.timesheets.CREATE,TBD,timer,https://projects.zoho.com/api-docs#time_logs-timers-resume_timer,2026-09-01,verified
Time Logs,time_logs-timers-stop_timer,Stop Timer,PATCH,/api/v3/portal/[PORTALID]/timelogs/timers/[TIMERID]/stop,v3,[PORTALID]; [TIMERID],ZohoProjects.timesheets.CREATE,TBD,timer,https://projects.zoho.com/api-docs#time_logs-timers-stop_timer,2026-09-01,verified
Time Logs,time_logs-timers-delete_timer,Delete Timer,DELETE,/api/v3/portal/[PORTALID]/timelogs/timers/[TIMERID],v3,[PORTALID]; [TIMERID],ZohoProjects.timesheets.DELETE,TBD,timer,https://projects.zoho.com/api-docs#time_logs-timers-delete_timer,2026-09-01,verified
Time Logs,time_logs-settings-get_time_log_settings_metadata,Get Time Log Settings Metadata,GET,/api/v3/portal/[PORTALID]/settings/timelog/meta-data,v3,[PORTALID],ZohoProjects.timesheets.READ,TBD,not-lifecycle,https://projects.zoho.com/api-docs#time_logs-settings-get_time_log_settings_metadata,2026-09-01,verified
Time Logs,time_logs-settings-get_time_log_settings,Get Time Log Settings,GET,/api/v3/portal/[PORTALID]/settings/timelog,v3,[PORTALID],ZohoProjects.timesheets.READ,TBD,not-lifecycle,https://projects.zoho.com/api-docs#time_logs-settings-get_time_log_settings,2026-09-01,verified
Time Logs,time_logs-settings-update_time_log_settings,Update Time Log Settings,PATCH,/api/v3/portal/[PORTALID]/settings/timelog,v3,[PORTALID],ZohoProjects.timesheets.UPDATE,TBD,not-lifecycle,https://projects.zoho.com/api-docs#time_logs-settings-update_time_log_settings,2026-09-01,verified
Custom Module Records,custom_module_records-get_entities_list,Get Entities List,GET,/api/v3/portal/[PORTALID]/module/[MODULEID]/entities,v3,[PORTALID]; [MODULEID],ZohoProjects.portals.READ,TBD,not-lifecycle,https://projects.zoho.com/api-docs#custom_module_records-get_entities_list,2026-09-01,verified
Custom Module Records,custom_module_records-get_record_details,Get Record Details,GET,/api/v3/portal/[PORTALID]/module/[MODULEID]/entities/[ENTITIEID],v3,[PORTALID]; [MODULEID]; [ENTITIEID],ZohoProjects.portals.READ,TBD,not-lifecycle,https://projects.zoho.com/api-docs#custom_module_records-get_record_details,2026-09-01,verified
Custom Module Records,custom_module_records-create_record,Create Record,POST,/api/v3/portal/[PORTALID]/module/[MODULEID]/entities,v3,[PORTALID]; [MODULEID],ZohoProjects.portals.CREATE,TBD,not-lifecycle,https://projects.zoho.com/api-docs#custom_module_records-create_record,2026-09-01,verified
Custom Module Records,custom_module_records-update_record,Update Record,PATCH,/api/v3/portal/[PORTALID]/module/[MODULEID]/entities/[ENTITIEID],v3,[PORTALID]; [MODULEID]; [ENTITIEID],ZohoProjects.portals.UPDATE,TBD,not-lifecycle,https://projects.zoho.com/api-docs#custom_module_records-update_record,2026-09-01,verified
Custom Module Records,custom_module_records-trash_record,Trash Record,POST,/api/v3/portal/[PORTALID]/module/[MODULEID]/entities/[ENTITIEID]/trash,v3,[PORTALID]; [MODULEID]; [ENTITIEID],ZohoProjects.portals.UPDATE,TBD,trash,https://projects.zoho.com/api-docs#custom_module_records-trash_record,2026-09-01,verified
Custom Module Records,custom_module_records-restore_record,Restore Record,POST,/api/v3/portal/[PORTALID]/module/[MODULEID]/entities/[ENTITIEID]/restore,v3,[PORTALID]; [MODULEID]; [ENTITIEID],ZohoProjects.portals.UPDATE,TBD,restore,https://projects.zoho.com/api-docs#custom_module_records-restore_record,2026-09-01,verified
Custom Module Records,custom_module_records-delete_record,Delete Record,DELETE,/api/v3/portal/[PORTALID]/module/[MODULEID]/entities/[ENTITIEID],v3,[PORTALID]; [MODULEID]; [ENTITIEID],ZohoProjects.portals.DELETE,TBD,not-lifecycle,https://projects.zoho.com/api-docs#custom_module_records-delete_record,2026-09-01,verified
Custom Module Records,custom_module_records-get_status_timeline,Get Status Timeline,GET,/api/v3/portal/[PORTALID]/module/[MODULEID]/entity/[ENTITYID]/status-timeline,v3,[PORTALID]; [MODULEID]; [ENTITYID],ZohoProjects.portals.READ,TBD,not-lifecycle,https://projects.zoho.com/api-docs#custom_module_records-get_status_timeline,2026-09-01,verified
Custom Module Records,custom_module_records-get_record_count,Get Record Count,GET,/api/v3/portal/[PORTALID]/module/[MODULEID]/entities/count,v3,[PORTALID]; [MODULEID],ZohoProjects.portals.READ,TBD,not-lifecycle,https://projects.zoho.com/api-docs#custom_module_records-get_record_count,2026-09-01,verified
Custom Module Records,custom_module_records-record_comments-get_all_comments,Get All Comments,GET,/api/v3/portal/[PORTALID]/module/[MODULEID]/entity/[ENTITYID]/comments,v3,[PORTALID]; [MODULEID]; [ENTITYID],ZohoProjects.custom_fields.READ,TBD,not-lifecycle,https://projects.zoho.com/api-docs#custom_module_records-record_comments-get_all_comments,2026-09-01,verified
Custom Module Records,custom_module_records-record_comments-get_comment_detail,Get Comment Detail,GET,/api/v3/portal/[PORTALID]/module/[MODULEID]/entity/[ENTITYID]/comments/[COMMENTID],v3,[PORTALID]; [MODULEID]; [ENTITYID]; [COMMENTID],ZohoProjects.custom_fields.READ,TBD,not-lifecycle,https://projects.zoho.com/api-docs#custom_module_records-record_comments-get_comment_detail,2026-09-01,verified
Custom Module Records,custom_module_records-record_comments-add_comment,Add Comment,POST,/api/v3/portal/[PORTALID]/module/[MODULEID]/entity/[ENTITYID]/comments,v3,[PORTALID]; [MODULEID]; [ENTITYID],ZohoProjects.custom_fields.CREATE,TBD,not-lifecycle,https://projects.zoho.com/api-docs#custom_module_records-record_comments-add_comment,2026-09-01,verified
Custom Module Records,custom_module_records-record_comments-update_record_comment,Update Record Comment,PATCH,/api/v3/portal/[PORTALID]/module/[MODULEID]/entity/[ENTITYID]/comments/[COMMENTID],v3,[PORTALID]; [MODULEID]; [ENTITYID]; [COMMENTID],ZohoProjects.custom_fields.UPDATE,TBD,not-lifecycle,https://projects.zoho.com/api-docs#custom_module_records-record_comments-update_record_comment,2026-09-01,verified
Custom Module Records,custom_module_records-record_comments-delete_record_comment,Delete Record Comment,DELETE,/api/v3/portal/[PORTALID]/module/[MODULEID]/entity/[ENTITYID]/comments/[COMMENTID],v3,[PORTALID]; [MODULEID]; [ENTITYID]; [COMMENTID],ZohoProjects.custom_fields.DELETE,TBD,not-lifecycle,https://projects.zoho.com/api-docs#custom_module_records-record_comments-delete_record_comment,2026-09-01,verified
Custom Module Records,custom_module_records-record_comments-get_comments_count,Get Comments Count,GET,/api/v3/portal/[PORTALID]/module/[MODULEID]/entity/[ENTITYID]/commentscount,v3,[PORTALID]; [MODULEID]; [ENTITYID],ZohoProjects.custom_fields.READ,TBD,not-lifecycle,https://projects.zoho.com/api-docs#custom_module_records-record_comments-get_comments_count,2026-09-01,verified
Custom Module Records,custom_module_records-record_attachments-get_attachments,Get Attachments,GET,/api/v3/portal/[PORTALID]/module/[MODULEID]/entity/[ENTITYID]/attachments,v3,[PORTALID]; [MODULEID]; [ENTITYID],ZohoProjects.custom_fields.READ,TBD,not-lifecycle,https://projects.zoho.com/api-docs#custom_module_records-record_attachments-get_attachments,2026-09-01,verified
Custom Module Records,custom_module_records-record_attachments-get_attachments_count,Get Attachments Count,GET,/api/v3/portal/[PORTALID]/module/[MODULEID]/entity/[ENTITYID]/attachmentcount,v3,[PORTALID]; [MODULEID]; [ENTITYID],ZohoProjects.custom_fields.READ,TBD,not-lifecycle,https://projects.zoho.com/api-docs#custom_module_records-record_attachments-get_attachments_count,2026-09-01,verified
Custom Module Records,custom_module_records-record_followers-get_followers,Get Followers,GET,/api/v3/portal/[PORTALID]/module/[MODULEID]/entity/[ENTITYID]/followers,v3,[PORTALID]; [MODULEID]; [ENTITYID],ZohoProjects.custom_fields.READ,TBD,follow,https://projects.zoho.com/api-docs#custom_module_records-record_followers-get_followers,2026-09-01,verified
Custom Module Records,custom_module_records-record_followers-add_follower,Add Follower,POST,/api/v3/portal/[PORTALID]/module/[MODULEID]/entity/[ENTITYID]/follow,v3,[PORTALID]; [MODULEID]; [ENTITYID],ZohoProjects.custom_fields.CREATE,TBD,follow,https://projects.zoho.com/api-docs#custom_module_records-record_followers-add_follower,2026-09-01,verified
Custom Module Records,custom_module_records-record_followers-add_or_remove_followers,Add or Remove Followers,POST,/api/v3/portal/[PORTALID]/module/[MODULEID]/entity/[ENTITYID]/followers,v3,[PORTALID]; [MODULEID]; [ENTITYID],ZohoProjects.custom_fields.CREATE,TBD,follow-or-unfollow,https://projects.zoho.com/api-docs#custom_module_records-record_followers-add_or_remove_followers,2026-09-01,verified
Custom Module Records,custom_module_records-record_followers-remove_follower,Remove Follower,DELETE,/api/v3/portal/[PORTALID]/module/[MODULEID]/entity/[ENTITYID]/unfollow,v3,[PORTALID]; [MODULEID]; [ENTITYID],ZohoProjects.custom_fields.DELETE,TBD,unfollow,https://projects.zoho.com/api-docs#custom_module_records-record_followers-remove_follower,2026-09-01,verified
Custom Module Records,custom_module_records-record_followers-check_follower,Check Follower,GET,/api/v3/portal/[PORTALID]/module/[MODULEID]/entity/[ENTITYID]/isuser,v3,[PORTALID]; [MODULEID]; [ENTITYID],ZohoProjects.custom_fields.READ,TBD,follow,https://projects.zoho.com/api-docs#custom_module_records-record_followers-check_follower,2026-09-01,verified
Custom Module Records,custom_module_records-record_custom_view-get_custom_view_detail,Get Custom View Detail,GET,/api/v3/portal/[PORTALID]/views/[VIEWID],v3,[PORTALID]; [VIEWID],ZohoProjects.custom_fields.READ,TBD,not-lifecycle,https://projects.zoho.com/api-docs#custom_module_records-record_custom_view-get_custom_view_detail,2026-09-01,verified
Custom Module Records,custom_module_records-record_audit-get_all_edits_of_a_record,Get All Edits of a Record,GET,/api/v3/portal/[PORTALID]/module/[MODULEID]/entity/[ENTITYID]/edits,v3,[PORTALID]; [MODULEID]; [ENTITYID],ZohoProjects.portals.READ,TBD,not-lifecycle,https://projects.zoho.com/api-docs#custom_module_records-record_audit-get_all_edits_of_a_record,2026-09-01,verified
Custom Module Records,custom_module_records-record_audit-get_edits_by_audit_id,Get Edits by Audit ID,GET,/api/v3/portal/[PORTALID]/module/[MODULEID]/entity/[ENTITYID]/edits/[EDITID],v3,[PORTALID]; [MODULEID]; [ENTITYID]; [EDITID],ZohoProjects.portals.READ,TBD,not-lifecycle,https://projects.zoho.com/api-docs#custom_module_records-record_audit-get_edits_by_audit_id,2026-09-01,verified
Custom Module Records,custom_module_records-record_audit-get_edit_count,Get Edit Count,GET,/api/v3/portal/[PORTALID]/module/[MODULEID]/entity/[ENTITYID]/edits/count,v3,[PORTALID]; [MODULEID]; [ENTITYID],ZohoProjects.portals.READ,TBD,not-lifecycle,https://projects.zoho.com/api-docs#custom_module_records-record_audit-get_edit_count,2026-09-01,verified
Custom Module Records,custom_module_records-record_import-get_my_import_details,Get My Import Details,GET,/api/v3/portal/[PORTALID]/module/[MODULEID]/my-imports,v3,[PORTALID]; [MODULEID],ZohoProjects.portals.READ,TBD,import,https://projects.zoho.com/api-docs#custom_module_records-record_import-get_my_import_details,2026-09-01,verified
Custom Module Records,custom_module_records-record_import-initiate_import,Initiate Import,POST,/api/v3/portal/[PORTALID]/module/[MODULEID]/import,v3,[PORTALID]; [MODULEID],ZohoProjects.portals.CREATE,TBD,import,https://projects.zoho.com/api-docs#custom_module_records-record_import-initiate_import,2026-09-01,verified
Custom Module Records,custom_module_records-record_import-get_import_details,Get Import Details,GET,/api/v3/portal/[PORTALID]/module/[MODULEID]/import/[IMPORTID],v3,[PORTALID]; [MODULEID]; [IMPORTID],ZohoProjects.portals.READ,TBD,import,https://projects.zoho.com/api-docs#custom_module_records-record_import-get_import_details,2026-09-01,verified
Custom Module Records,custom_module_records-record_import-get_import_file_details,Get Import File Details,GET,/api/v3/portal/[PORTALID]/module/[MODULEID]/import/[IMPORTID]/file-details,v3,[PORTALID]; [MODULEID]; [IMPORTID],ZohoProjects.portals.READ,TBD,import,https://projects.zoho.com/api-docs#custom_module_records-record_import-get_import_file_details,2026-09-01,verified
Custom Module Records,custom_module_records-record_import-get_import_error_details,Get Import Error Details,GET,/api/v3/portal/[PORTALID]/module/[MODULEID]/import/[IMPORTID]/error-details,v3,[PORTALID]; [MODULEID]; [IMPORTID],ZohoProjects.portals.READ,TBD,import,https://projects.zoho.com/api-docs#custom_module_records-record_import-get_import_error_details,2026-09-01,verified
Custom Module Records,custom_module_records-record_import-delete_an_import_detail,Delete an Import Detail,DELETE,/api/v3/portal/[PORTALID]/module/[MODULEID]/import/[IMPORTID],v3,[PORTALID]; [MODULEID]; [IMPORTID],ZohoProjects.portals.DELETE,TBD,import,https://projects.zoho.com/api-docs#custom_module_records-record_import-delete_an_import_detail,2026-09-01,verified
Custom Module Records,custom_module_records-record_import-update_import_details,Update Import Details,PATCH,/api/v3/portal/[PORTALID]/module/[MODULEID]/import/[IMPORTID],v3,[PORTALID]; [MODULEID]; [IMPORTID],ZohoProjects.portals.UPDATE,TBD,import,https://projects.zoho.com/api-docs#custom_module_records-record_import-update_import_details,2026-09-01,verified
Forums,forums-get_project_forums,Get Project Forums,GET,/api/v3/portal/[PORTALID]/projects/[PROJECTID]/forums,v3,[PORTALID]; [PROJECTID],ZohoProjects.forums.READ,TBD,not-lifecycle,https://projects.zoho.com/api-docs#forums-get_project_forums,2026-09-01,verified
Forums,forums-get_forum_details,Get Forum Details,GET,/api/v3/portal/[PORTALID]/projects/[PROJECTID]/forums/[FORUMID],v3,[PORTALID]; [PROJECTID]; [FORUMID],ZohoProjects.forums.READ,TBD,not-lifecycle,https://projects.zoho.com/api-docs#forums-get_forum_details,2026-09-01,verified
Forums,forums-get_associated_tasks,Get Associated Tasks,GET,/api/v3/portal/[PORTALID]/projects/[PROJECTID]/forums/[FORUMID]/tasks,v3,[PORTALID]; [PROJECTID]; [FORUMID],ZohoProjects.forums.READ,TBD,associate,https://projects.zoho.com/api-docs#forums-get_associated_tasks,2026-09-01,verified
Forums,forums-add_forum,Add Forum,POST,/api/v3/portal/[PORTALID]/projects/[PROJECTID]/forums,v3,[PORTALID]; [PROJECTID],ZohoProjects.forums.CREATE,TBD,not-lifecycle,https://projects.zoho.com/api-docs#forums-add_forum,2026-09-01,verified
Forums,forums-update_forum,Update Forum,PATCH,/api/v3/portal/[PORTALID]/projects/[PROJECTID]/forums/[FORUMID],v3,[PORTALID]; [PROJECTID]; [FORUMID],ZohoProjects.forums.UPDATE,TBD,not-lifecycle,https://projects.zoho.com/api-docs#forums-update_forum,2026-09-01,verified
Forums,forums-delete_forum,Delete Forum,DELETE,/api/v3/portal/[PORTALID]/projects/[PROJECTID]/forums/[FORUMID],v3,[PORTALID]; [PROJECTID]; [FORUMID],ZohoProjects.forums.DELETE,TBD,not-lifecycle,https://projects.zoho.com/api-docs#forums-delete_forum,2026-09-01,verified
Forums,forums-forum_comments-get_comments,Get Comments,GET,/api/v3/portal/[PORTALID]/projects/[PROJECTID]/forums/[FORUMID]/comments,v3,[PORTALID]; [PROJECTID]; [FORUMID],ZohoProjects.forums.READ,TBD,not-lifecycle,https://projects.zoho.com/api-docs#forums-forum_comments-get_comments,2026-09-01,verified
Forums,forums-forum_comments-get_comment,Get Comment,GET,/api/v3/portal/[PORTALID]/projects/[PROJECTID]/forums/[FORUMID]/comments/[COMMENTID],v3,[PORTALID]; [PROJECTID]; [FORUMID]; [COMMENTID],ZohoProjects.forums.READ,TBD,not-lifecycle,https://projects.zoho.com/api-docs#forums-forum_comments-get_comment,2026-09-01,verified
Forums,forums-forum_comments-get_a_comment_by_id,Get a Comment by ID,GET,/api/v3/portal/[PORTALID]/projects/[PROJECTID]/forumcomments/[FORUMCOMMENTID],v3,[PORTALID]; [PROJECTID]; [FORUMCOMMENTID],ZohoProjects.forums.READ,TBD,not-lifecycle,https://projects.zoho.com/api-docs#forums-forum_comments-get_a_comment_by_id,2026-09-01,verified
Forums,forums-forum_comments-add_comment,Add Comment,POST,/api/v3/portal/[PORTALID]/projects/[PROJECTID]/forums/[FORUMID]/comments,v3,[PORTALID]; [PROJECTID]; [FORUMID],ZohoProjects.forums.CREATE,TBD,not-lifecycle,https://projects.zoho.com/api-docs#forums-forum_comments-add_comment,2026-09-01,verified
Forums,forums-forum_comments-update_comment,Update Comment,PATCH,/api/v3/portal/[PORTALID]/projects/[PROJECTID]/forums/[FORUMID]/comments/[COMMENTID],v3,[PORTALID]; [PROJECTID]; [FORUMID]; [COMMENTID],ZohoProjects.forums.UPDATE,TBD,not-lifecycle,https://projects.zoho.com/api-docs#forums-forum_comments-update_comment,2026-09-01,verified
Forums,forums-forum_comments-delete_comment,Delete Comment,DELETE,/api/v3/portal/[PORTALID]/projects/[PROJECTID]/forums/[FORUMID]/comments/[COMMENTID],v3,[PORTALID]; [PROJECTID]; [FORUMID]; [COMMENTID],ZohoProjects.forums.DELETE,TBD,not-lifecycle,https://projects.zoho.com/api-docs#forums-forum_comments-delete_comment,2026-09-01,verified
Forums,forums-forum_comments-mark_comment_as_best_answer,Mark Comment as Best Answer,POST,/api/v3/portal/[PORTALID]/projects/[PROJECTID]/forums/[FORUMID]/comments/[COMMENTID]/markbestanswer,v3,[PORTALID]; [PROJECTID]; [FORUMID]; [COMMENTID],ZohoProjects.forums.UPDATE,TBD,not-lifecycle,https://projects.zoho.com/api-docs#forums-forum_comments-mark_comment_as_best_answer,2026-09-01,verified
Forums,forums-forum_comments-unmark_comment_as_best_answer,Unmark Comment as Best Answer,DELETE,/api/v3/portal/[PORTALID]/projects/[PROJECTID]/forums/[FORUMID]/comments/[COMMENTID]/markbestanswer,v3,[PORTALID]; [PROJECTID]; [FORUMID]; [COMMENTID],ZohoProjects.forums.UPDATE,TBD,not-lifecycle,https://projects.zoho.com/api-docs#forums-forum_comments-unmark_comment_as_best_answer,2026-09-01,verified
Forums,forums-forum_categories-get_categories,Get Categories,GET,/api/v3/portal/[PORTALID]/projects/[PROJECTID]/categories,v3,[PORTALID]; [PROJECTID],ZohoProjects.forums.READ,TBD,not-lifecycle,https://projects.zoho.com/api-docs#forums-forum_categories-get_categories,2026-09-01,verified
Forums,forums-forum_categories-add_category,Add Category,POST,/api/v3/portal/[PORTALID]/projects/[PROJECTID]/categories,v3,[PORTALID]; [PROJECTID],ZohoProjects.forums.CREATE,TBD,not-lifecycle,https://projects.zoho.com/api-docs#forums-forum_categories-add_category,2026-09-01,verified
Forums,forums-forum_categories-update_category,Update Category,PATCH,/api/v3/portal/[PORTALID]/projects/[PROJECTID]/categories/[CATEGORIEID],v3,[PORTALID]; [PROJECTID]; [CATEGORIEID],ZohoProjects.forums.UPDATE,TBD,not-lifecycle,https://projects.zoho.com/api-docs#forums-forum_categories-update_category,2026-09-01,verified
Forums,forums-forum_categories-delete_category,Delete Category,DELETE,/api/v3/portal/[PORTALID]/projects/[PROJECTID]/categories/[CATEGORIEID],v3,[PORTALID]; [PROJECTID]; [CATEGORIEID],ZohoProjects.forums.DELETE,TBD,not-lifecycle,https://projects.zoho.com/api-docs#forums-forum_categories-delete_category,2026-09-01,verified
Forums,forums-forum_followers-get_followers,Get Followers,GET,/api/v3/portal/[PORTALID]/projects/[PROJECTID]/forums/[FORUMID]/followers,v3,[PORTALID]; [PROJECTID]; [FORUMID],ZohoProjects.forums.READ,TBD,follow,https://projects.zoho.com/api-docs#forums-forum_followers-get_followers,2026-09-01,verified
Forums,forums-forum_followers-follow_forum,Follow Forum,POST,/api/v3/portal/[PORTALID]/projects/[PROJECTID]/forums/[FORUMID]/follow,v3,[PORTALID]; [PROJECTID]; [FORUMID],ZohoProjects.forums.CREATE,TBD,follow,https://projects.zoho.com/api-docs#forums-forum_followers-follow_forum,2026-09-01,verified
Forums,forums-forum_followers-unfollow_forum,Unfollow Forum,POST,/api/v3/portal/[PORTALID]/projects/[PROJECTID]/forums/[FORUMID]/unfollow,v3,[PORTALID]; [PROJECTID]; [FORUMID],ZohoProjects.forums.DELETE,TBD,unfollow,https://projects.zoho.com/api-docs#forums-forum_followers-unfollow_forum,2026-09-01,verified
Events,events-get_project_events,Get Project Events,GET,/api/v3/portal/[PORTALID]/projects/[PROJECTID]/events,v3,[PORTALID]; [PROJECTID],ZohoProjects.events.READ,TBD,not-lifecycle,https://projects.zoho.com/api-docs#events-get_project_events,2026-09-01,verified
Events,events-get_event_details,Get Event Details,GET,/api/v3/portal/[PORTALID]/projects/[PROJECTID]/events/[EVENTID],v3,[PORTALID]; [PROJECTID]; [EVENTID],ZohoProjects.events.READ,TBD,not-lifecycle,https://projects.zoho.com/api-docs#events-get_event_details,2026-09-01,verified
Events,events-get_participants,Get Participants,GET,/api/v3/portal/[PORTALID]/events/[EVENTID]/participants,v3,[PORTALID]; [EVENTID],ZohoProjects.events.READ,TBD,not-lifecycle,https://projects.zoho.com/api-docs#events-get_participants,2026-09-01,verified
Events,events-add_event,Add Event,POST,/api/v3/portal/[PORTALID]/projects/[PROJECTID]/events,v3,[PORTALID]; [PROJECTID],ZohoProjects.events.CREATE,TBD,not-lifecycle,https://projects.zoho.com/api-docs#events-add_event,2026-09-01,verified
Events,events-update_event,Update Event,PATCH,/api/v3/portal/[PORTALID]/projects/[PROJECTID]/events/[EVENTID],v3,[PORTALID]; [PROJECTID]; [EVENTID],ZohoProjects.events.UPDATE,TBD,not-lifecycle,https://projects.zoho.com/api-docs#events-update_event,2026-09-01,verified
Events,events-delete_event,Delete Event,DELETE,/api/v3/portal/[PORTALID]/projects/[PROJECTID]/events/[EVENTID],v3,[PORTALID]; [PROJECTID]; [EVENTID],ZohoProjects.events.DELETE,TBD,not-lifecycle,https://projects.zoho.com/api-docs#events-delete_event,2026-09-01,verified
Events,events-event_comments-get_event_comments,Get Event Comments,GET,/api/v3/portal/[PORTALID]/projects/[PROJECTID]/events/[EVENTID]/comments,v3,[PORTALID]; [PROJECTID]; [EVENTID],ZohoProjects.events.READ,TBD,not-lifecycle,https://projects.zoho.com/api-docs#events-event_comments-get_event_comments,2026-09-01,verified
Events,events-event_comments-get_event_comment_by_id,Get Event Comment by ID,GET,/api/v3/portal/[PORTALID]/projects/[PROJECTID]/eventcomments/[EVENTCOMMENTID],v3,[PORTALID]; [PROJECTID]; [EVENTCOMMENTID],ZohoProjects.events.READ,TBD,not-lifecycle,https://projects.zoho.com/api-docs#events-event_comments-get_event_comment_by_id,2026-09-01,verified
Events,events-event_comments-add_event_comment,Add Event Comment,POST,/api/v3/portal/[PORTALID]/projects/[PROJECTID]/events/[EVENTID]/comments,v3,[PORTALID]; [PROJECTID]; [EVENTID],ZohoProjects.events.CREATE,TBD,not-lifecycle,https://projects.zoho.com/api-docs#events-event_comments-add_event_comment,2026-09-01,verified
Events,events-event_comments-update_event_comment,Update Event Comment,PATCH,/api/v3/portal/[PORTALID]/projects/[PROJECTID]/events/[EVENTID]/comments/[COMMENTID],v3,[PORTALID]; [PROJECTID]; [EVENTID]; [COMMENTID],ZohoProjects.events.UPDATE,TBD,not-lifecycle,https://projects.zoho.com/api-docs#events-event_comments-update_event_comment,2026-09-01,verified
Events,events-event_comments-delete_event_comment,Delete Event Comment,DELETE,/api/v3/portal/[PORTALID]/projects/[PROJECTID]/events/[EVENTID]/comments/[COMMENTID],v3,[PORTALID]; [PROJECTID]; [EVENTID]; [COMMENTID],ZohoProjects.events.DELETE,TBD,not-lifecycle,https://projects.zoho.com/api-docs#events-event_comments-delete_event_comment,2026-09-01,verified
Teams,teams-get_team_details,Get Team Details,GET,/api/v3/portal/[PORTALID]/teams,v3,[PORTALID],ZohoProjects.teams.READ,TBD,not-lifecycle,https://projects.zoho.com/api-docs#teams-get_team_details,2026-09-01,verified
Teams,teams-get_team_users,Get Team Users,GET,/api/v3/portal/[PORTALID]/teams/users,v3,[PORTALID],ZohoProjects.teams.READ,TBD,not-lifecycle,https://projects.zoho.com/api-docs#teams-get_team_users,2026-09-01,verified
Teams,teams-get_associated_projects,Get Associated Projects,GET,/api/v3/portal/[PORTALID]/teams/projects,v3,[PORTALID],ZohoProjects.teams.READ,TBD,associate,https://projects.zoho.com/api-docs#teams-get_associated_projects,2026-09-01,verified
Teams,teams-create_team,Create Team,POST,/api/v3/portal/[PORTALID]/teams,v3,[PORTALID],ZohoProjects.teams.CREATE,TBD,not-lifecycle,https://projects.zoho.com/api-docs#teams-create_team,2026-09-01,verified
Teams,teams-update_team,Update Team,PATCH,/api/v3/portal/[PORTALID]/teams/[TEAMID],v3,[PORTALID]; [TEAMID],ZohoProjects.teams.UPDATE,TBD,not-lifecycle,https://projects.zoho.com/api-docs#teams-update_team,2026-09-01,verified
Teams,teams-delete_team,Delete Team,DELETE,/api/v3/portal/[PORTALID]/teams/[TEAMID],v3,[PORTALID]; [TEAMID],ZohoProjects.teams.DELETE,TBD,not-lifecycle,https://projects.zoho.com/api-docs#teams-delete_team,2026-09-01,verified
Teams,teams-project_teams-get_project_teams,Get Project Teams,GET,/api/v3/portal/[PORTALID]/projects/[PROJECTID]/teams,v3,[PORTALID]; [PROJECTID],ZohoProjects.teams.READ,TBD,not-lifecycle,https://projects.zoho.com/api-docs#teams-project_teams-get_project_teams,2026-09-01,verified
Teams,teams-project_teams-add_team_project,Add Team (Project),POST,/api/v3/portal/[PORTALID]/projects/[PROJECTID]/associate-teams,v3,[PORTALID]; [PROJECTID],ZohoProjects.teams.CREATE,TBD,associate,https://projects.zoho.com/api-docs#teams-project_teams-add_team_project,2026-09-01,verified
Teams,teams-project_teams-remove_project_team,Remove Project Team,DELETE,/api/v3/portal/[PORTALID]/projects/[PROJECTID]/dissociate-teams/[DISSOCIATE-TEAMID],v3,[PORTALID]; [PROJECTID]; [DISSOCIATE-TEAMID],ZohoProjects.teams.DELETE,TBD,disassociate,https://projects.zoho.com/api-docs#teams-project_teams-remove_project_team,2026-09-01,verified
Profiles,profiles-get_portal_profiles,Get Portal Profiles,GET,/api/v3/portal/[PORTALID]/profiles,v3,[PORTALID],ZohoProjects.portals.READ,TBD,not-lifecycle,https://projects.zoho.com/api-docs#profiles-get_portal_profiles,2026-09-01,verified
Profiles,profiles-get_profile_details,Get Profile Details,GET,/api/v3/portal/[PORTALID]/profiles/[PROFILEID],v3,[PORTALID]; [PROFILEID],ZohoProjects.portals.READ,TBD,not-lifecycle,https://projects.zoho.com/api-docs#profiles-get_profile_details,2026-09-01,verified
Profiles,profiles-create_profile,Create Profile,POST,/api/v3/portal/[PORTALID]/profiles,v3,[PORTALID],ZohoProjects.portals.CREATE,TBD,not-lifecycle,https://projects.zoho.com/api-docs#profiles-create_profile,2026-09-01,verified
Profiles,profiles-set_default_profile,Set Default profile,POST,/api/v3/portal/[PORTALID]/profiles/[PROFILEID]/setprimary,v3,[PORTALID]; [PROFILEID],ZohoProjects.portals.UPDATE,TBD,default-selection,https://projects.zoho.com/api-docs#profiles-set_default_profile,2026-09-01,verified
Profiles,profiles-update_profile,Update Profile,PATCH,/api/v3/portal/[PORTALID]/profiles/[PROFILEID],v3,[PORTALID]; [PROFILEID],ZohoProjects.portals.UPDATE,TBD,not-lifecycle,https://projects.zoho.com/api-docs#profiles-update_profile,2026-09-01,verified
Profiles,profiles-delete_profile,Delete Profile,DELETE,/api/v3/portal/[PORTALID]/profiles/[PROFILEID],v3,[PORTALID]; [PROFILEID],ZohoProjects.portals.DELETE,TBD,not-lifecycle,https://projects.zoho.com/api-docs#profiles-delete_profile,2026-09-01,verified
Roles,roles-get_all_portal_roles,Get All Portal Roles,GET,/api/v3/portal/[PORTALID]/roles,v3,[PORTALID],ZohoProjects.portals.READ,TBD,not-lifecycle,https://projects.zoho.com/api-docs#roles-get_all_portal_roles,2026-09-01,verified
Roles,roles-get_role_details,Get Role Details,GET,/api/v3/portal/[PORTALID]/roles/[ROLEID],v3,[PORTALID]; [ROLEID],ZohoProjects.portals.READ,TBD,not-lifecycle,https://projects.zoho.com/api-docs#roles-get_role_details,2026-09-01,verified
Roles,roles-create_role,Create Role,POST,/api/v3/portal/[PORTALID]/roles,v3,[PORTALID],ZohoProjects.portals.CREATE,TBD,not-lifecycle,https://projects.zoho.com/api-docs#roles-create_role,2026-09-01,verified
Roles,roles-update_role,Update Role,PATCH,/api/v3/portal/[PORTALID]/roles/[ROLEID],v3,[PORTALID]; [ROLEID],ZohoProjects.portals.UPDATE,TBD,not-lifecycle,https://projects.zoho.com/api-docs#roles-update_role,2026-09-01,verified
Roles,roles-set_default_role,Set Default role,POST,/api/v3/portal/[PORTALID]/roles/[ROLEID]/setprimary,v3,[PORTALID]; [ROLEID],ZohoProjects.portals.UPDATE,TBD,default-selection,https://projects.zoho.com/api-docs#roles-set_default_role,2026-09-01,verified
Roles,roles-delete_role,Delete Role,DELETE,/api/v3/portal/[PORTALID]/roles/[ROLEID],v3,[PORTALID]; [ROLEID],ZohoProjects.portals.DELETE,TBD,not-lifecycle,https://projects.zoho.com/api-docs#roles-delete_role,2026-09-01,verified
Permissions,permissions-get_permission_for_a_profile,Get Permission for a Profile,GET,/api/v3/portal/[PORTALID]/profiles/[PROFILEID]/[ records | others | portal | settings | integrations | custom | any ]/permissions,v3,[PORTALID]; [PROFILEID]; [ records | others | portal | settings | integrations | custom | any ],ZohoProjects.portals.READ,TBD,not-lifecycle,https://projects.zoho.com/api-docs#permissions-get_permission_for_a_profile,2026-09-01,verified
Permissions,permissions-get_permission_for_profiles,Get Permission for Profiles,GET,/api/v3/portal/[PORTALID]/profiles/[ records | others | portal | settings | integrations | custom | any ]/permissions,v3,[PORTALID]; [ records | others | portal | settings | integrations | custom | any ],ZohoProjects.portals.READ,TBD,not-lifecycle,https://projects.zoho.com/api-docs#permissions-get_permission_for_profiles,2026-09-01,verified
Permissions,permissions-get_field_permission_for_a_profile,Get Field Permission for a Profile,GET,/api/v3/portal/[PORTALID]/profiles/[PROFILEID]/fields/permissions,v3,[PORTALID]; [PROFILEID],ZohoProjects.portals.READ,TBD,not-lifecycle,https://projects.zoho.com/api-docs#permissions-get_field_permission_for_a_profile,2026-09-01,verified
Permissions,permissions-get_field_permission_for_profiles,Get Field Permission for Profiles,GET,/api/v3/portal/[PORTALID]/profiles/fields/permissions,v3,[PORTALID],ZohoProjects.portals.READ,TBD,not-lifecycle,https://projects.zoho.com/api-docs#permissions-get_field_permission_for_profiles,2026-09-01,verified
Permissions,permissions-grant_access_for_a_profile,Grant Access for a Profile,PATCH,/api/v3/portal/[PORTALID]/profiles/[PROFILEID]/[ records | others | portal | settings | integrations | custom | any ]/permissions/grant,v3,[PORTALID]; [PROFILEID]; [ records | others | portal | settings | integrations | custom | any ],ZohoProjects.portals.UPDATE,TBD,not-lifecycle,https://projects.zoho.com/api-docs#permissions-grant_access_for_a_profile,2026-09-01,verified
Permissions,permissions-grant_field_access_for_a_profile,Grant Field Access for a Profile,PATCH,/api/v3/portal/[PORTALID]/profiles/[PROFILEID]/fields/permissions/grant,v3,[PORTALID]; [PROFILEID],ZohoProjects.portals.UPDATE,TBD,not-lifecycle,https://projects.zoho.com/api-docs#permissions-grant_field_access_for_a_profile,2026-09-01,verified
Permissions,permissions-revoke_access_for_a_profile,Revoke Access for a Profile,PATCH,/api/v3/portal/[PORTALID]/profiles/[PROFILEID]/[ records | others | portal | settings | integrations | custom | any ]/permissions/revoke,v3,[PORTALID]; [PROFILEID]; [ records | others | portal | settings | integrations | custom | any ],ZohoProjects.portals.UPDATE,TBD,not-lifecycle,https://projects.zoho.com/api-docs#permissions-revoke_access_for_a_profile,2026-09-01,verified
Permissions,permissions-revoke_field_access_for_a_profile,Revoke Field Access for a Profile,PATCH,/api/v3/portal/[PORTALID]/profiles/[PROFILEID]/fields/permissions/revoke,v3,[PORTALID]; [PROFILEID],ZohoProjects.portals.UPDATE,TBD,not-lifecycle,https://projects.zoho.com/api-docs#permissions-revoke_field_access_for_a_profile,2026-09-01,verified
Permissions,permissions-user_permissions-get_permissions_for_user_in_project,Get Permissions for User in Project,GET,/api/v3/portal/[PORTALID]/projects/[PROJECTID]/users/[ZPUID | EMAILID]/[ records | others | portal | settings | integrations | custom | any ]/permissions,v3,[PORTALID]; [PROJECTID]; [ZPUID | EMAILID]; [ records | others | portal | settings | integrations | custom | any ],ZohoProjects.portals.READ,TBD,not-lifecycle,https://projects.zoho.com/api-docs#permissions-user_permissions-get_permissions_for_user_in_project,2026-09-01,verified
Permissions,permissions-user_permissions-get_permissions_for_users_in_project,Get Permissions for Users in Project,GET,/api/v3/portal/[PORTALID]/projects/[PROJECTID]/users/[ records | others | portal | settings | integrations | custom | any ]/permissions,v3,[PORTALID]; [PROJECTID]; [ records | others | portal | settings | integrations | custom | any ],ZohoProjects.portals.READ,TBD,not-lifecycle,https://projects.zoho.com/api-docs#permissions-user_permissions-get_permissions_for_users_in_project,2026-09-01,verified
Permissions,permissions-user_permissions-get_field_permissions_for_a_user_in_project,Get Field Permissions for a User in Project,GET,/api/v3/portal/[PORTALID]/projects/[PROJECTID]/users/[ZPUID | EMAILID]/fields/permissions,v3,[PORTALID]; [PROJECTID]; [ZPUID | EMAILID],ZohoProjects.portals.READ,TBD,not-lifecycle,https://projects.zoho.com/api-docs#permissions-user_permissions-get_field_permissions_for_a_user_in_project,2026-09-01,verified
Permissions,permissions-user_permissions-get_field_permissions_for_users_in_project,Get Field permissions for Users in Project,GET,/api/v3/portal/[PORTALID]/projects/[PROJECTID]/users/fields/permissions,v3,[PORTALID]; [PROJECTID],ZohoProjects.portals.READ,TBD,not-lifecycle,https://projects.zoho.com/api-docs#permissions-user_permissions-get_field_permissions_for_users_in_project,2026-09-01,verified
Permissions,permissions-user_permissions-edit_permissions_for_a_user_in_project,Edit Permissions for a User in Project,PATCH,/api/v3/portal/[PORTALID]/projects/[PROJECTID]/users/[ZPUID | EMAILID]/permissions,v3,[PORTALID]; [PROJECTID]; [ZPUID | EMAILID],ZohoProjects.portals.READ,TBD,not-lifecycle,https://projects.zoho.com/api-docs#permissions-user_permissions-edit_permissions_for_a_user_in_project,2026-09-01,verified
Permissions,permissions-my_permissions-get_current_user_permissions,Get Current User Permissions,GET,/api/v3/portal/[PORTALID]/users/me/[ records | others | portal | settings | integrations | custom | any ]/permissions,v3,[PORTALID]; [ records | others | portal | settings | integrations | custom | any ],ZohoProjects.portals.READ,TBD,not-lifecycle,https://projects.zoho.com/api-docs#permissions-my_permissions-get_current_user_permissions,2026-09-01,verified
Permissions,permissions-my_permissions-get_current_user_field_permission_details,Get Current User Field Permission Details,GET,/api/v3/portal/[PORTALID]/users/me/fields/permissions,v3,[PORTALID],ZohoProjects.portals.READ,TBD,not-lifecycle,https://projects.zoho.com/api-docs#permissions-my_permissions-get_current_user_field_permission_details,2026-09-01,verified
Permissions,permissions-my_permissions-get_current_user_permissions_in_project,Get Current User Permissions in Project,GET,/api/v3/portal/[PORTALID]/projects/[PROJECTID]/users/me/[ records | others | portal | settings | integrations | custom | any ]/permissions,v3,[PORTALID]; [PROJECTID]; [ records | others | portal | settings | integrations | custom | any ],ZohoProjects.portals.READ,TBD,not-lifecycle,https://projects.zoho.com/api-docs#permissions-my_permissions-get_current_user_permissions_in_project,2026-09-01,verified
Permissions,permissions-my_permissions-get_current_user_field_permissions_in_project,Get Current User Field Permissions in Project,GET,/api/v3/portal/[PORTALID]/projects/[PROJECTID]/users/me/fields/permissions,v3,[PORTALID]; [PROJECTID],ZohoProjects.portals.READ,TBD,not-lifecycle,https://projects.zoho.com/api-docs#permissions-my_permissions-get_current_user_field_permissions_in_project,2026-09-01,verified
Clients And Customers,clients_and_customers-get_customers,Get Customers,GET,/api/v3/portal/[PORTALID]/customers,v3,[PORTALID],ZohoProjects.clients.READ,TBD,not-lifecycle,https://projects.zoho.com/api-docs#clients_and_customers-get_customers,2026-09-01,verified
Clients And Customers,clients_and_customers-get_customer,Get Customer,GET,/api/v3/portal/[PORTALID]/clients,v3,[PORTALID],ZohoProjects.clients.READ,TBD,not-lifecycle,https://projects.zoho.com/api-docs#clients_and_customers-get_customer,2026-09-01,verified
Clients And Customers,clients_and_customers-get_customers_by_client_user,Get Customers by Client User,GET,/api/v3/portal/[PORTALID]/clients/users,v3,[PORTALID],ZohoProjects.clients.READ,TBD,not-lifecycle,https://projects.zoho.com/api-docs#clients_and_customers-get_customers_by_client_user,2026-09-01,verified
Clients And Customers,clients_and_customers-get_all_customer_projects,Get All Customer Projects,GET,/api/v3/portal/[PORTALID]/clients/[CLIENTID]/projects,v3,[PORTALID]; [CLIENTID],ZohoProjects.clients.READ,TBD,not-lifecycle,https://projects.zoho.com/api-docs#clients_and_customers-get_all_customer_projects,2026-09-01,verified
Clients And Customers,clients_and_customers-add_customers,Add Customers,POST,/api/v3/portal/[PORTALID]/clients,v3,[PORTALID],ZohoProjects.clients.CREATE,TBD,not-lifecycle,https://projects.zoho.com/api-docs#clients_and_customers-add_customers,2026-09-01,verified
Clients And Customers,clients_and_customers-update_customer,Update Customer,PATCH,/api/v3/portal/[PORTALID]/clients/[CLIENTID],v3,[PORTALID]; [CLIENTID],ZohoProjects.clients.UPDATE,TBD,not-lifecycle,https://projects.zoho.com/api-docs#clients_and_customers-update_customer,2026-09-01,verified
Clients And Customers,clients_and_customers-update_customer_projects,Update Customer Projects,PATCH,/api/v3/portal/[PORTALID]/clients/[CLIENTID]/projects,v3,[PORTALID]; [CLIENTID],ZohoProjects.clients.UPDATE,TBD,not-lifecycle,https://projects.zoho.com/api-docs#clients_and_customers-update_customer_projects,2026-09-01,verified
Clients And Customers,clients_and_customers-delete_client_user,Delete Client User,DELETE,/api/v3/portal/[PORTALID]/clients/users/[ZPUID | EMAILID],v3,[PORTALID]; [ZPUID | EMAILID],ZohoProjects.clients.DELETE,TBD,not-lifecycle,https://projects.zoho.com/api-docs#clients_and_customers-delete_client_user,2026-09-01,verified
Clients And Customers,clients_and_customers-delete_customer,Delete Customer,DELETE,/api/v3/portal/[PORTALID]/clients/[CLIENTID],v3,[PORTALID]; [CLIENTID],ZohoProjects.clients.DELETE,TBD,not-lifecycle,https://projects.zoho.com/api-docs#clients_and_customers-delete_customer,2026-09-01,verified
Clients And Customers,clients_and_customers-project_customers-get_project_customers,Get Project Customers,GET,/api/v3/portal/[PORTALID]/projects/[PROJECTID]/customers,v3,[PORTALID]; [PROJECTID],ZohoProjects.clients.READ,TBD,not-lifecycle,https://projects.zoho.com/api-docs#clients_and_customers-project_customers-get_project_customers,2026-09-01,verified
Clients And Customers,clients_and_customers-project_customers-get_project_customer,Get Project Customer,GET,/api/v3/portal/[PORTALID]/projects/[PROJECTID]/clients,v3,[PORTALID]; [PROJECTID],ZohoProjects.clients.READ,TBD,not-lifecycle,https://projects.zoho.com/api-docs#clients_and_customers-project_customers-get_project_customer,2026-09-01,verified
Clients And Customers,clients_and_customers-project_customers-get_project_users_by_customer,Get Project Users by Customer,GET,/api/v3/portal/[PORTALID]/projects/[PROJECTID]/clients/users,v3,[PORTALID]; [PROJECTID],ZohoProjects.clients.READ,TBD,not-lifecycle,https://projects.zoho.com/api-docs#clients_and_customers-project_customers-get_project_users_by_customer,2026-09-01,verified
Clients And Customers,clients_and_customers-project_customers-get_crm_accounts_of_a_project,Get CRM Accounts of a Project,GET,/api/v3/portal/[PORTALID]/projects/[PROJECTID]/crm/accounts,v3,[PORTALID]; [PROJECTID],ZohoProjects.clients.READ,TBD,not-lifecycle,https://projects.zoho.com/api-docs#clients_and_customers-project_customers-get_crm_accounts_of_a_project,2026-09-01,verified
Clients And Customers,clients_and_customers-project_customers-get_crm_deals_associated_with_a_project,Get CRM Deals Associated with a Project,GET,/api/v3/portal/[PORTALID]/projects/[PROJECTID]/crm/deals,v3,[PORTALID]; [PROJECTID],ZohoProjects.clients.READ,TBD,associate,https://projects.zoho.com/api-docs#clients_and_customers-project_customers-get_crm_deals_associated_with_a_project,2026-09-01,verified
Clients And Customers,clients_and_customers-project_customers-get_crm_contacts_of_a_project,Get CRM Contacts of a Project,GET,/api/v3/portal/[PORTALID]/projects/[PROJECTID]/crm/contacts,v3,[PORTALID]; [PROJECTID],ZohoProjects.clients.READ,TBD,not-lifecycle,https://projects.zoho.com/api-docs#clients_and_customers-project_customers-get_crm_contacts_of_a_project,2026-09-01,verified
Clients And Customers,clients_and_customers-project_customers-add_customers,Add Customers,POST,/api/v3/portal/[PORTALID]/projects/[PROJECTID]/clients,v3,[PORTALID]; [PROJECTID],ZohoProjects.clients.CREATE,TBD,not-lifecycle,https://projects.zoho.com/api-docs#clients_and_customers-project_customers-add_customers,2026-09-01,verified
Clients And Customers,clients_and_customers-project_customers-associate_customers_to_project,Associate Customers to Project,POST,/api/v3/portal/[PORTALID]/projects/[PROJECTID]/associate-client,v3,[PORTALID]; [PROJECTID],ZohoProjects.clients.CREATE,TBD,associate,https://projects.zoho.com/api-docs#clients_and_customers-project_customers-associate_customers_to_project,2026-09-01,verified
Clients And Customers,clients_and_customers-project_customers-update_primary_customer,Update Primary Customer,POST,/api/v3/portal/[PORTALID]/projects/[PROJECTID]/primary-client/[PRIMARY-CLIENTID],v3,[PORTALID]; [PROJECTID]; [PRIMARY-CLIENTID],ZohoProjects.clients.UPDATE,TBD,not-lifecycle,https://projects.zoho.com/api-docs#clients_and_customers-project_customers-update_primary_customer,2026-09-01,verified
Clients And Customers,clients_and_customers-project_customers-delete_client_user_from_project,Delete Client User From Project,DELETE,/api/v3/portal/[PORTALID]/projects/[PROJECTID]/clients/users/[ZPUID | EMAILID],v3,[PORTALID]; [PROJECTID]; [ZPUID | EMAILID],ZohoProjects.clients.DELETE,TBD,not-lifecycle,https://projects.zoho.com/api-docs#clients_and_customers-project_customers-delete_client_user_from_project,2026-09-01,verified
Clients And Customers,clients_and_customers-project_customers-delete_customer_from_project,Delete Customer From Project,DELETE,/api/v3/portal/[PORTALID]/projects/[PROJECTID]/clients/[CLIENTID],v3,[PORTALID]; [PROJECTID]; [CLIENTID],ZohoProjects.clients.DELETE,TBD,not-lifecycle,https://projects.zoho.com/api-docs#clients_and_customers-project_customers-delete_customer_from_project,2026-09-01,verified
Contacts,contacts-get_all_portal_contacts_by_customer,Get All Portal Contacts by customer,GET,/api/v3/portal/[PORTALID]/client/[CLIENTID]/contacts,v3,[PORTALID]; [CLIENTID],ZohoProjects.users.READ,TBD,not-lifecycle,https://projects.zoho.com/api-docs#contacts-get_all_portal_contacts_by_customer,2026-09-01,verified
Contacts,contacts-get_contact_details,Get Contact Details,GET,/api/v3/portal/[PORTALID]/contacts/[CONTACTID],v3,[PORTALID]; [CONTACTID],ZohoProjects.users.READ,TBD,not-lifecycle,https://projects.zoho.com/api-docs#contacts-get_contact_details,2026-09-01,verified
Contacts,contacts-create_new_contacts,Create New Contacts,POST,/api/v3/portal/[PORTALID]/contacts,v3,[PORTALID],ZohoProjects.users.CREATE,TBD,not-lifecycle,https://projects.zoho.com/api-docs#contacts-create_new_contacts,2026-09-01,verified
Contacts,contacts-convert_contact_to_client_user,Convert Contact to Client User,POST,/api/v3/portal/[PORTALID]/contacts/[CONTACTID],v3,[PORTALID]; [CONTACTID],ZohoProjects.users.CREATE,TBD,not-lifecycle,https://projects.zoho.com/api-docs#contacts-convert_contact_to_client_user,2026-09-01,verified
Contacts,contacts-update_contact,Update Contact,PATCH,/api/v3/portal/[PORTALID]/contacts/[CONTACTID],v3,[PORTALID]; [CONTACTID],ZohoProjects.users.UPDATE,TBD,not-lifecycle,https://projects.zoho.com/api-docs#contacts-update_contact,2026-09-01,verified
Contacts,contacts-delete_contact,Delete Contact,DELETE,/api/v3/portal/[PORTALID]/contacts/[CONTACTID],v3,[PORTALID]; [CONTACTID],ZohoProjects.users.DELETE,TBD,not-lifecycle,https://projects.zoho.com/api-docs#contacts-delete_contact,2026-09-01,verified
Contacts,contacts-project_contacts-get_customer_contacts_by_project,Get Customer Contacts by Project,GET,/api/v3/portal/[PORTALID]/projects/[PROJECTID]/client/[CLIENTID]/contacts,v3,[PORTALID]; [PROJECTID]; [CLIENTID],ZohoProjects.users.READ,TBD,not-lifecycle,https://projects.zoho.com/api-docs#contacts-project_contacts-get_customer_contacts_by_project,2026-09-01,verified
Contacts,contacts-project_contacts-associate_existing_contacts,Associate Existing Contacts,POST,/api/v3/portal/[PORTALID]/projects/[PROJECTID]/contacts,v3,[PORTALID]; [PROJECTID],ZohoProjects.users.CREATE,TBD,associate,https://projects.zoho.com/api-docs#contacts-project_contacts-associate_existing_contacts,2026-09-01,verified
Contacts,contacts-project_contacts-disassociate_contact,Disassociate Contact,DELETE,/api/v3/portal/[PORTALID]/projects/[PROJECTID]/contacts/[CONTACTID],v3,[PORTALID]; [PROJECTID]; [CONTACTID],ZohoProjects.users.DELETE,TBD,disassociate,https://projects.zoho.com/api-docs#contacts-project_contacts-disassociate_contact,2026-09-01,verified
Contacts,contacts-project_contacts-delete_multiple_contacts,Delete Multiple Contacts,DELETE,/api/v3/portal/[PORTALID]/projects/[PROJECTID]/contacts,v3,[PORTALID]; [PROJECTID],ZohoProjects.users.DELETE,TBD,not-lifecycle,https://projects.zoho.com/api-docs#contacts-project_contacts-delete_multiple_contacts,2026-09-01,verified
Tags,tags-get_all_tags,Get All Tags,GET,/api/v3/portal/[PORTALID]/tags,v3,[PORTALID],ZohoProjects.tags.READ,TBD,not-lifecycle,https://projects.zoho.com/api-docs#tags-get_all_tags,2026-09-01,verified
Tags,tags-create_new_tags,Create New Tags,POST,/api/v3/portal/[PORTALID]/tags,v3,[PORTALID],ZohoProjects.tags.CREATE,TBD,not-lifecycle,https://projects.zoho.com/api-docs#tags-create_new_tags,2026-09-01,verified
Tags,tags-update_tag,Update Tag,PATCH,/api/v3/portal/[PORTALID]/tags/[TAGID],v3,[PORTALID]; [TAGID],ZohoProjects.tags.UPDATE,TBD,not-lifecycle,https://projects.zoho.com/api-docs#tags-update_tag,2026-09-01,verified
Tags,tags-delete_tag,Delete Tag,DELETE,/api/v3/portal/[PORTALID]/tags/[TAGID],v3,[PORTALID]; [TAGID],ZohoProjects.tags.DELETE,TBD,not-lifecycle,https://projects.zoho.com/api-docs#tags-delete_tag,2026-09-01,verified
Tags,tags-project_tags-get_project_tags,Get Project Tags,GET,/api/v3/portal/[PORTALID]/projects/[PROJECTID]/tags,v3,[PORTALID]; [PROJECTID],ZohoProjects.tags.READ,TBD,not-lifecycle,https://projects.zoho.com/api-docs#tags-project_tags-get_project_tags,2026-09-01,verified
Tags,tags-project_tags-associate_tags_to_entity,Associate Tags to Entity,POST,/api/v3/portal/[PORTALID]/projects/[PROJECTID]/tags/associate,v3,[PORTALID]; [PROJECTID],ZohoProjects.tags.UPDATE,TBD,associate,https://projects.zoho.com/api-docs#tags-project_tags-associate_tags_to_entity,2026-09-01,verified
Tags,tags-project_tags-disassociate_tags_from_entity,Disassociate Tags from Entity,POST,/api/v3/portal/[PORTALID]/projects/[PROJECTID]/tags/dissociate,v3,[PORTALID]; [PROJECTID],ZohoProjects.tags.UPDATE,TBD,disassociate,https://projects.zoho.com/api-docs#tags-project_tags-disassociate_tags_from_entity,2026-09-01,verified
Documents,documents-get_project_team_folder_folder_details,Get Project Team Folder/Folder Details,GET,/api/v3/portal/[PORTALID]/projects/[PROJECTID]/documents,v3,[PORTALID]; [PROJECTID],"ZohoProjects.documents.READ, WorkDrive.workspace.ALL,Workdrive.team.ALL,WorkDrive.files.ALL",TBD,not-lifecycle,https://projects.zoho.com/api-docs#documents-get_project_team_folder_folder_details,2026-09-01,verified
Documents,documents-team_folder-get_project_team_folder_details,Get Project Team Folder Details,GET,/api/v3/portal/[PORTALID]/projects/[PROJECTID]/documents/teamfolder/[TEAMFOLDERID],v3,[PORTALID]; [PROJECTID]; [TEAMFOLDERID],"ZohoProjects.documents.READ, WorkDrive.workspace.ALL,Workdrive.team.ALL,WorkDrive.files.ALL",TBD,not-lifecycle,https://projects.zoho.com/api-docs#documents-team_folder-get_project_team_folder_details,2026-09-01,verified
Documents,documents-team_folder-create_project_team_folder,Create Project Team Folder,POST,/api/v3/portal/[PORTALID]/projects/[PROJECTID]/documents/teamfolder,v3,[PORTALID]; [PROJECTID],"ZohoProjects.documents.CREATE, WorkDrive.workspace.ALL,Workdrive.team.ALL,WorkDrive.files.ALL",TBD,not-lifecycle,https://projects.zoho.com/api-docs#documents-team_folder-create_project_team_folder,2026-09-01,verified
Documents,documents-team_folder-update_project_team_folder_details,Update Project Team Folder Details,PUT,/api/v3/portal/[PORTALID]/projects/[PROJECTID]/documents/teamfolder/[TEAMFOLDERID],v3,[PORTALID]; [PROJECTID]; [TEAMFOLDERID],"ZohoProjects.documents.UPDATE, WorkDrive.workspace.ALL,Workdrive.team.ALL,WorkDrive.files.ALL",TBD,not-lifecycle,https://projects.zoho.com/api-docs#documents-team_folder-update_project_team_folder_details,2026-09-01,verified
Documents,documents-team_folder-delete_a_team_folder,Delete a Team Folder,DELETE,/api/v3/portal/[PORTALID]/projects/[PROJECTID]/documents/teamfolder/[TEAMFOLDERID],v3,[PORTALID]; [PROJECTID]; [TEAMFOLDERID],"ZohoProjects.documents.DELETE, WorkDrive.workspace.ALL,Workdrive.team.ALL,WorkDrive.files.ALL",TBD,not-lifecycle,https://projects.zoho.com/api-docs#documents-team_folder-delete_a_team_folder,2026-09-01,verified
Documents,documents-team_folder-associate_team_folder_s_to_the_project,Associate Team Folder(s) to the Project,PUT,/api/v3/portal/[PORTALID]/projects/[PROJECTID]/documents/teamfolder/associate,v3,[PORTALID]; [PROJECTID],"ZohoProjects.documents.UPDATE, WorkDrive.workspace.ALL,Workdrive.team.ALL,WorkDrive.files.ALL",TBD,associate,https://projects.zoho.com/api-docs#documents-team_folder-associate_team_folder_s_to_the_project,2026-09-01,verified
Documents,documents-team_folder-disassociate_team_folder,Disassociate Team Folder,DELETE,/api/v3/portal/[PORTALID]/projects/[PROJECTID]/documents/teamfolder/[TEAMFOLDERID]/disassociate,v3,[PORTALID]; [PROJECTID]; [TEAMFOLDERID],"ZohoProjects.documents.DELETE, WorkDrive.workspace.ALL,Workdrive.team.ALL,WorkDrive.files.ALL",TBD,disassociate,https://projects.zoho.com/api-docs#documents-team_folder-disassociate_team_folder,2026-09-01,verified
Documents,documents-folder-create_project_folder_s,Create Project Folder(s),POST,/api/v3/portal/[PORTALID]/projects/[PROJECTID]/documents/folders,v3,[PORTALID]; [PROJECTID],"ZohoProjects.documents.CREATE, WorkDrive.workspace.ALL,Workdrive.team.ALL,WorkDrive.files.ALL",TBD,not-lifecycle,https://projects.zoho.com/api-docs#documents-folder-create_project_folder_s,2026-09-01,verified
Documents,documents-folder-associate_folder_s_to_the_project,Associate Folder(s) to the Project,POST,/api/v3/portal/[PORTALID]/projects/[PROJECTID]/documents/folders/associate,v3,[PORTALID]; [PROJECTID],"ZohoProjects.documents.UPDATE, WorkDrive.workspace.ALL,Workdrive.team.ALL,WorkDrive.files.ALL",TBD,associate,https://projects.zoho.com/api-docs#documents-folder-associate_folder_s_to_the_project,2026-09-01,verified
Documents,documents-folder-get_project_folder_details,Get Project Folder Details,GET,/api/v3/portal/[PORTALID]/projects/[PROJECTID]/documents/folders/[FOLDERID],v3,[PORTALID]; [PROJECTID]; [FOLDERID],"ZohoProjects.documents.READ, WorkDrive.workspace.ALL,Workdrive.team.ALL,WorkDrive.files.ALL",TBD,not-lifecycle,https://projects.zoho.com/api-docs#documents-folder-get_project_folder_details,2026-09-01,verified
Documents,documents-folder-update_project_folder_details,Update Project Folder Details,PATCH,/api/v3/portal/[PORTALID]/projects/[PROJECTID]/documents/folders/[FOLDERID],v3,[PORTALID]; [PROJECTID]; [FOLDERID],"ZohoProjects.documents.UPDATE, WorkDrive.workspace.ALL,Workdrive.team.ALL,WorkDrive.files.ALL",TBD,not-lifecycle,https://projects.zoho.com/api-docs#documents-folder-update_project_folder_details,2026-09-01,verified
Documents,documents-folder-disassociate_folder_s,Disassociate Folder(s),DELETE,/api/v3/portal/[PORTALID]/projects/[PROJECTID]/documents/folders/[FOLDERID]/disassociate,v3,[PORTALID]; [PROJECTID]; [FOLDERID],"ZohoProjects.documents.DELETE, WorkDrive.workspace.ALL,Workdrive.team.ALL,WorkDrive.files.ALL",TBD,disassociate,https://projects.zoho.com/api-docs#documents-folder-disassociate_folder_s,2026-09-01,verified
Attachments,attachments-get_project_attachments,Get Project Attachments,GET,/api/v3/portal/[PORTALID]/projects/[PROJECTID]/attachments,v3,[PORTALID]; [PROJECTID],"ZohoProjects.portals.READ, WorkDrive.workspace.ALL,Workdrive.team.ALL,WorkDrive.files.ALL",TBD,not-lifecycle,https://projects.zoho.com/api-docs#attachments-get_project_attachments,2026-09-01,verified
Attachments,attachments-get_attachment_details,Get Attachment Details,GET,/api/v3/portal/[PORTALID]/projects/[PROJECTID]/attachments/[ATTACHMENTID],v3,[PORTALID]; [PROJECTID]; [ATTACHMENTID],ZohoProjects.portals.READ,TBD,not-lifecycle,https://projects.zoho.com/api-docs#attachments-get_attachment_details,2026-09-01,verified
Attachments,attachments-upload_global_attachments,Upload Global Attachments,POST,/api/v3/portal/[PORTALID]/attachments,v3,[PORTALID],"ZohoProjects.portals.CREATE, WorkDrive.workspace.ALL,WorkDrive.files.ALL",TBD,not-lifecycle,https://projects.zoho.com/api-docs#attachments-upload_global_attachments,2026-09-01,verified
Attachments,attachments-associate_attachment,Associate Attachment,POST,/api/v3/portal/[PORTALID]/entity-attachments,v3,[PORTALID],ZohoProjects.portals.CREATE,TBD,associate,https://projects.zoho.com/api-docs#attachments-associate_attachment,2026-09-01,verified
Attachments,attachments-disassociate_attachment,Disassociate Attachment,DELETE,/api/v3/portal/[PORTALID]/projects/[PROJECTID]/attachments/[ATTACHMENTID],v3,[PORTALID]; [PROJECTID]; [ATTACHMENTID],"ZohoProjects.portals.DELETE, WorkDrive.workspace.ALL,WorkDrive.files.ALL",TBD,disassociate,https://projects.zoho.com/api-docs#attachments-disassociate_attachment,2026-09-01,verified
Attachments,attachments-attach_files,Attach Files,POST,/api/v3/portal/[PORTALID]/associate-attachments,v3,[PORTALID],"ZohoProjects.portals.CREATE, WorkDrive.workspace.ALL,WorkDrive.files.ALL",TBD,associate,https://projects.zoho.com/api-docs#attachments-attach_files,2026-09-01,verified
Reports,reports-get_workload_report_meta_details,Get Workload Report Meta Details,GET,/api/v3/portal/[PORTALID]/reports/workload/meta,v3,[PORTALID],ZohoProjects.portals.READ,TBD,not-lifecycle,https://projects.zoho.com/api-docs#reports-get_workload_report_meta_details,2026-09-01,verified
Reports,reports-get_workload_report_details,Get Workload Report Details,GET,/api/v3/portal/[PORTALID]/reports/workload,v3,[PORTALID],ZohoProjects.portals.READ,TBD,not-lifecycle,https://projects.zoho.com/api-docs#reports-get_workload_report_details,2026-09-01,verified
Reports,reports-get_allocated_work_details,Get Allocated Work Details,GET,/api/v3/portal/[PORTALID]/reports/workload/owner/[OWNERID]/details,v3,[PORTALID]; [OWNERID],ZohoProjects.portals.READ,TBD,not-lifecycle,https://projects.zoho.com/api-docs#reports-get_allocated_work_details,2026-09-01,verified
Integrations,integrations-module_integration-get_integration_details,Get Integration Details,GET,/api/v3/portal/[PORTALID]/entity/integrations,v3,[PORTALID],ZohoProjects.integrations.READ,TBD,not-lifecycle,https://projects.zoho.com/api-docs#integrations-module_integration-get_integration_details,2026-09-01,verified
Leaves,leaves-get_all_leaves,Get All Leaves,GET,/api/v3/portal/[PORTALID]/leave,v3,[PORTALID],ZohoProjects.leave.READ,TBD,not-lifecycle,https://projects.zoho.com/api-docs#leaves-get_all_leaves,2026-09-01,verified
Leaves,leaves-get_leave_details,Get Leave Details,GET,/api/v3/portal/[PORTALID]/leave/[LEAVEID],v3,[PORTALID]; [LEAVEID],ZohoProjects.leave.READ,TBD,not-lifecycle,https://projects.zoho.com/api-docs#leaves-get_leave_details,2026-09-01,verified
Leaves,leaves-add_leaves,Add Leaves,POST,/api/v3/portal/[PORTALID]/leave,v3,[PORTALID],ZohoProjects.leave.CREATE,TBD,not-lifecycle,https://projects.zoho.com/api-docs#leaves-add_leaves,2026-09-01,verified
Leaves,leaves-update_leave,Update Leave,PATCH,/api/v3/portal/[PORTALID]/leave/[LEAVEID],v3,[PORTALID]; [LEAVEID],ZohoProjects.leave.UPDATE,TBD,not-lifecycle,https://projects.zoho.com/api-docs#leaves-update_leave,2026-09-01,verified
Leaves,leaves-delete_leave,Delete Leave,DELETE,/api/v3/portal/[PORTALID]/leave/[LEAVEID],v3,[PORTALID]; [LEAVEID],ZohoProjects.leave.DELETE,TBD,not-lifecycle,https://projects.zoho.com/api-docs#leaves-delete_leave,2026-09-01,verified
Search,search-get_search_results,Get Search Results,GET,/api/v3/portal/[PORTALID]/search,v3,[PORTALID],"ZohoProjects.portals.READ, ZohoSearch.securesearch.READ",TBD,not-lifecycle,https://projects.zoho.com/api-docs#search-get_search_results,2026-09-01,verified
Search,search-get_search_results_in_a_project,Get Search Results in a Project,GET,/api/v3/portal/[PORTALID]/projects/[PROJECTID]/search,v3,[PORTALID]; [PROJECTID],"ZohoProjects.portals.READ, ZohoSearch.securesearch.READ",TBD,not-lifecycle,https://projects.zoho.com/api-docs#search-get_search_results_in_a_project,2026-09-01,verified
Feed,feed-feed_status-project_status,Project Status,GET,/api/v3/portal/[PORTALID]/projects/[PROJECTID]/status,v3,[PORTALID]; [PROJECTID],ZohoProjects.status.READ,TBD,not-lifecycle,https://projects.zoho.com/api-docs#feed-feed_status-project_status,2026-09-01,verified
Feed,feed-feed_status-post_project_status,Post Project Status,POST,/api/v3/portal/[PORTALID]/projects/[PROJECTID]/status,v3,[PORTALID]; [PROJECTID],ZohoProjects.status.CREATE,TBD,not-lifecycle,https://projects.zoho.com/api-docs#feed-feed_status-post_project_status,2026-09-01,verified
Setup,setup-update_project_settings,Update Project Settings,PATCH,/api/v3/portal/[PORTALID]/settings/projects,v3,[PORTALID],ZohoProjects.portals.UPDATE,TBD,not-lifecycle,https://projects.zoho.com/api-docs#setup-update_project_settings,2026-09-01,verified
Setup,setup-budget-get_budget_settings,Get Budget Settings,GET,/api/v3/portal/[PORTALID]/settings/budget,v3,[PORTALID],ZohoProjects.portals.READ,TBD,not-lifecycle,https://projects.zoho.com/api-docs#setup-budget-get_budget_settings,2026-09-01,verified
Setup,setup-budget-update_budget_settings,Update Budget Settings,POST,/api/v3/portal/[PORTALID]/settings/budget,v3,[PORTALID],ZohoProjects.portals.UPDATE,TBD,not-lifecycle,https://projects.zoho.com/api-docs#setup-budget-update_budget_settings,2026-09-01,verified
Setup,setup-budget-get_currency_settings,Get Currency Settings,GET,/api/v3/portal/[PORTALID]/settings/currency,v3,[PORTALID],ZohoProjects.portals.READ,TBD,not-lifecycle,https://projects.zoho.com/api-docs#setup-budget-get_currency_settings,2026-09-01,verified
Setup,setup-budget-add_currency,Add Currency,POST,/api/v3/portal/[PORTALID]/currency,v3,[PORTALID],ZohoProjects.portals.CREATE,TBD,not-lifecycle,https://projects.zoho.com/api-docs#setup-budget-add_currency,2026-09-01,verified
Setup,setup-budget-get_update_currency_form,Get Update Currency Form,GET,/api/v3/portal/[PORTALID]/currencyform/[CURRENCYFORMID],v3,[PORTALID]; [CURRENCYFORMID],ZohoProjects.portals.READ,TBD,not-lifecycle,https://projects.zoho.com/api-docs#setup-budget-get_update_currency_form,2026-09-01,verified
Setup,setup-budget-update_currency,Update Currency,PATCH,/api/v3/portal/[PORTALID]/currency/[CURRENCYID],v3,[PORTALID]; [CURRENCYID],ZohoProjects.portals.UPDATE,TBD,not-lifecycle,https://projects.zoho.com/api-docs#setup-budget-update_currency,2026-09-01,verified
Setup,setup-budget-delete_currency,Delete Currency,DELETE,/api/v3/portal/[PORTALID]/currency/[CURRENCYID],v3,[PORTALID]; [CURRENCYID],ZohoProjects.portals.DELETE,TBD,not-lifecycle,https://projects.zoho.com/api-docs#setup-budget-delete_currency,2026-09-01,verified
Setup,setup-marketplace-store_property,Store Property,POST,/api/v3/portal/[PORTALID]/extensions/[EXTENSIONID]/storage,v3,[PORTALID]; [EXTENSIONID],ZohoProjects.extensions.CREATE,TBD,not-lifecycle,https://projects.zoho.com/api-docs#setup-marketplace-store_property,2026-09-01,verified
Setup,setup-marketplace-get_property,Get Property,GET,/api/v3/portal/[PORTALID]/extensions/[EXTENSIONID]/storage,v3,[PORTALID]; [EXTENSIONID],ZohoProjects.extensions.READ,TBD,not-lifecycle,https://projects.zoho.com/api-docs#setup-marketplace-get_property,2026-09-01,verified
Setup,setup-marketplace-update_property,Update Property,PATCH,/api/v3/portal/[PORTALID]/extensions/[EXTENSIONID]/storage,v3,[PORTALID]; [EXTENSIONID],ZohoProjects.extensions.UPDATE,TBD,not-lifecycle,https://projects.zoho.com/api-docs#setup-marketplace-update_property,2026-09-01,verified
Setup,setup-marketplace-delete_property,Delete Property,DELETE,/api/v3/portal/[PORTALID]/extensions/[EXTENSIONID]/storage,v3,[PORTALID]; [EXTENSIONID],ZohoProjects.extensions.DELETE,TBD,not-lifecycle,https://projects.zoho.com/api-docs#setup-marketplace-delete_property,2026-09-01,verified
Setup,setup-marketplace-get_extension_configuration,Get Extension Configuration,GET,/api/v3/portal/[PORTALID]/extensions/[EXTENSIONID]/config,v3,[PORTALID]; [EXTENSIONID],ZohoProjects.extensions.READ,TBD,not-lifecycle,https://projects.zoho.com/api-docs#setup-marketplace-get_extension_configuration,2026-09-01,verified
Setup,setup-business_hours-get_business_hours,Get Business Hours,GET,/api/v3/portal/[PORTALID]/business-hours,v3,[PORTALID],ZohoProjects.portals.READ,TBD,not-lifecycle,https://projects.zoho.com/api-docs#setup-business_hours-get_business_hours,2026-09-01,verified
Setup,setup-business_hours-get_business_hour_details,Get Business Hour Details,GET,/api/v3/portal/[PORTALID]/business-hours/[BUSINESS-HOURID],v3,[PORTALID]; [BUSINESS-HOURID],ZohoProjects.portals.READ,TBD,not-lifecycle,https://projects.zoho.com/api-docs#setup-business_hours-get_business_hour_details,2026-09-01,verified
Setup,setup-business_hours-get_users_from_business_hours,Get Users from Business Hours,GET,/api/v3/portal/[PORTALID]/business-hours/[BUSINESS-HOURID]/users,v3,[PORTALID]; [BUSINESS-HOURID],ZohoProjects.portals.READ,TBD,not-lifecycle,https://projects.zoho.com/api-docs#setup-business_hours-get_users_from_business_hours,2026-09-01,verified
Setup,setup-business_hours-create_business_hours,Create Business Hours,POST,/api/v3/portal/[PORTALID]/business-hours,v3,[PORTALID],ZohoProjects.portals.CREATE,TBD,not-lifecycle,https://projects.zoho.com/api-docs#setup-business_hours-create_business_hours,2026-09-01,verified
Setup,setup-business_hours-update_business_hours,Update Business Hours,PUT,/api/v3/portal/[PORTALID]/business-hours,v3,[PORTALID],ZohoProjects.portals.UPDATE,TBD,not-lifecycle,https://projects.zoho.com/api-docs#setup-business_hours-update_business_hours,2026-09-01,verified
Setup,setup-business_hours-associate_or_disassociate_user,Associate or Disassociate User,PATCH,/api/v3/portal/[PORTALID]/business-hours/[BUSINESS-HOURID]/users,v3,[PORTALID]; [BUSINESS-HOURID],ZohoProjects.portals.UPDATE,TBD,associate-or-disassociate,https://projects.zoho.com/api-docs#setup-business_hours-associate_or_disassociate_user,2026-09-01,verified
Setup,setup-business_hours-set_default_business_hours,Set Default Business Hours,PATCH,/api/v3/portal/[PORTALID]/business-hours/[BUSINESS-HOURID]/mark-as-default,v3,[PORTALID]; [BUSINESS-HOURID],ZohoProjects.portals.UPDATE,TBD,default-selection,https://projects.zoho.com/api-docs#setup-business_hours-set_default_business_hours,2026-09-01,verified
Setup,setup-business_hours-delete_business_hours,Delete Business Hours,DELETE,/api/v3/portal/[PORTALID]/business-hours/[BUSINESS-HOURID],v3,[PORTALID]; [BUSINESS-HOURID],ZohoProjects.portals.DELETE,TBD,not-lifecycle,https://projects.zoho.com/api-docs#setup-business_hours-delete_business_hours,2026-09-01,verified
Setup,setup-holidays-get_holiday_lists,Get Holiday Lists,GET,/api/v3/portal/[PORTALID]/holiday-list,v3,[PORTALID],ZohoProjects.portals.READ,TBD,not-lifecycle,https://projects.zoho.com/api-docs#setup-holidays-get_holiday_lists,2026-09-01,verified
Setup,setup-holidays-get_holiday_list_details,Get Holiday List Details,GET,/api/v3/portal/[PORTALID]/holiday-list/[HOLIDAY-LISTID],v3,[PORTALID]; [HOLIDAY-LISTID],ZohoProjects.portals.READ,TBD,not-lifecycle,https://projects.zoho.com/api-docs#setup-holidays-get_holiday_list_details,2026-09-01,verified
Setup,setup-holidays-get_associated_business_hours,Get Associated Business Hours,GET,/api/v3/portal/[PORTALID]/holiday-list/[HOLIDAY-LISTID]/associated-business-hours,v3,[PORTALID]; [HOLIDAY-LISTID],ZohoProjects.portals.READ,TBD,associate,https://projects.zoho.com/api-docs#setup-holidays-get_associated_business_hours,2026-09-01,verified
Setup,setup-holidays-get_holidays_for_a_year,Get Holidays for a Year,GET,/api/v3/portal/[PORTALID]/holiday-list/[HOLIDAY-LISTID]/holidays,v3,[PORTALID]; [HOLIDAY-LISTID],ZohoProjects.portals.READ,TBD,not-lifecycle,https://projects.zoho.com/api-docs#setup-holidays-get_holidays_for_a_year,2026-09-01,verified
Setup,setup-holidays-create_a_holiday_list,Create a Holiday List,POST,/api/v3/portal/[PORTALID]/holiday-list,v3,[PORTALID],ZohoProjects.portals.CREATE,TBD,not-lifecycle,https://projects.zoho.com/api-docs#setup-holidays-create_a_holiday_list,2026-09-01,verified
Setup,setup-holidays-update_a_holiday_list,Update a Holiday List,PATCH,/api/v3/portal/[PORTALID]/holiday-list/[HOLIDAY-LISTID],v3,[PORTALID]; [HOLIDAY-LISTID],ZohoProjects.portals.UPDATE,TBD,not-lifecycle,https://projects.zoho.com/api-docs#setup-holidays-update_a_holiday_list,2026-09-01,verified
Setup,setup-holidays-delete_a_holiday_list,Delete a Holiday List,DELETE,/api/v3/portal/[PORTALID]/holiday-list/[HOLIDAY-LISTID],v3,[PORTALID]; [HOLIDAY-LISTID],ZohoProjects.portals.DELETE,TBD,not-lifecycle,https://projects.zoho.com/api-docs#setup-holidays-delete_a_holiday_list,2026-09-01,verified
Setup,setup-custom_domain-validate_custom_domain,Validate Custom Domain,GET,/api/v3/portal/[PORTALID]/custom-domain/validate,v3,[PORTALID],ZohoProjects.portals.CREATE,TBD,not-lifecycle,https://projects.zoho.com/api-docs#setup-custom_domain-validate_custom_domain,2026-09-01,verified
Setup,setup-custom_domain-get_custom_domain,Get Custom Domain,GET,/api/v3/portal/[PORTALID]/custom-domain,v3,[PORTALID],ZohoProjects.portals.CREATE,TBD,not-lifecycle,https://projects.zoho.com/api-docs#setup-custom_domain-get_custom_domain,2026-09-01,verified
Setup,setup-custom_domain-add_custom_domain,Add Custom Domain,POST,/api/v3/portal/[PORTALID]/custom-domain,v3,[PORTALID],ZohoProjects.portals.CREATE,TBD,not-lifecycle,https://projects.zoho.com/api-docs#setup-custom_domain-add_custom_domain,2026-09-01,verified
Setup,setup-custom_domain-update_custom_domain_status,Update Custom Domain Status,PUT,/api/v3/portal/[PORTALID]/custom-domain/status,v3,[PORTALID],ZohoProjects.portals.UPDATE,TBD,not-lifecycle,https://projects.zoho.com/api-docs#setup-custom_domain-update_custom_domain_status,2026-09-01,verified
Setup,setup-custom_domain-delete_custom_domain,Delete Custom Domain,DELETE,/api/v3/portal/[PORTALID]/custom-domain,v3,[PORTALID],ZohoProjects.portals.DELETE,TBD,not-lifecycle,https://projects.zoho.com/api-docs#setup-custom_domain-delete_custom_domain,2026-09-01,verified
Automation,automation-blueprints-get_blueprints,Get Blueprints,GET,/api/v3/portal/[PORTALID]/automation/blueprints,v3,[PORTALID],ZohoProjects.tasks.READ,TBD,not-lifecycle,https://projects.zoho.com/api-docs#automation-blueprints-get_blueprints,2026-09-01,verified
Automation,automation-blueprints-get_next_available_transitions,Get Next Available Transitions,GET,/api/v3/portal/[PORTALID]/automation/blueprint/next-transitions,v3,[PORTALID],ZohoProjects.tasks.READ,TBD,blueprint-or-status-transition,https://projects.zoho.com/api-docs#automation-blueprints-get_next_available_transitions,2026-09-01,verified
Automation,automation-blueprints-get_during_transition_data,Get During Transition Data,GET,/api/v3/portal/[PORTALID]/automation/blueprint/[BLUEPRINTID]/transition/[TRANSITIONID]/during-actions,v3,[PORTALID]; [BLUEPRINTID]; [TRANSITIONID],ZohoProjects.tasks.READ,TBD,blueprint-or-status-transition,https://projects.zoho.com/api-docs#automation-blueprints-get_during_transition_data,2026-09-01,verified
Automation,automation-blueprints-execute_blueprint_transition,Execute Blueprint Transition,POST,/api/v3/portal/[PORTALID]/automation/blueprint/[BLUEPRINTID]/transition/[TRANSITIONID]/execute,v3,[PORTALID]; [BLUEPRINTID]; [TRANSITIONID],ZohoProjects.tasks.READ,TBD,blueprint-or-status-transition,https://projects.zoho.com/api-docs#automation-blueprints-execute_blueprint_transition,2026-09-01,verified
Automation,automation-custom_functions-execute_a_custom_function,Execute a Custom Function,POST,/api/v3/portal/[PORTALID]/automation/customfunction/[CUSTOMFUNCTIONID]/execute,v3,[PORTALID]; [CUSTOMFUNCTIONID],ZohoProjects.custom_functions.custom,TBD,custom-function-execution,https://projects.zoho.com/api-docs#automation-custom_functions-execute_a_custom_function,2026-09-01,verified
Bulk Read,bulk_read-get_bulk_read_fields,Get Bulk Read Fields,GET,/api/v3/portal/[PORTALID]/bulk/export/fields,v3,[PORTALID],ZohoProjects.bulk.READ,TBD,asynchronous-bulk-job,https://projects.zoho.com/api-docs#bulk_read-get_bulk_read_fields,2026-09-01,verified
Bulk Read,bulk_read-create_bulk_read_job,Create Bulk Read Job,POST,/api/v3/portal/[PORTALID]/bulk/export,v3,[PORTALID],ZohoProjects.bulk.READ,TBD,asynchronous-bulk-job,https://projects.zoho.com/api-docs#bulk_read-create_bulk_read_job,2026-09-01,verified
